date,store_id,dept_id,forecast_sales
2016-05-23,CA_1,FOODS_1,390.11
2016-05-24,CA_1,FOODS_1,404.99
2016-05-25,CA_1,FOODS_1,376.0
2016-05-26,CA_1,FOODS_1,351.89
2016-05-27,CA_1,FOODS_1,345.75
2016-05-28,CA_1,FOODS_1,359.49
2016-05-29,CA_1,FOODS_1,376.99
2016-05-30,CA_1,FOODS_1,392.34
2016-05-31,CA_1,FOODS_1,402.34
2016-06-01,CA_1,FOODS_1,361.79
2016-06-02,CA_1,FOODS_1,348.82
2016-06-03,CA_1,FOODS_1,351.11
2016-06-04,CA_1,FOODS_1,369.19
2016-06-05,CA_1,FOODS_1,381.77
2016-06-06,CA_1,FOODS_1,394.6
2016-06-07,CA_1,FOODS_1,402.59
2016-06-08,CA_1,FOODS_1,362.28
2016-06-09,CA_1,FOODS_1,350.46
2016-06-10,CA_1,FOODS_1,351.11
2016-06-11,CA_1,FOODS_1,369.19
2016-06-12,CA_1,FOODS_1,381.77
2016-06-13,CA_1,FOODS_1,394.97
2016-06-14,CA_1,FOODS_1,402.23
2016-06-15,CA_1,FOODS_1,362.28
2016-06-16,CA_1,FOODS_1,350.46
2016-06-17,CA_1,FOODS_1,351.11
2016-06-18,CA_1,FOODS_1,369.19
2016-06-19,CA_1,FOODS_1,381.77
2016-05-23,CA_1,FOODS_2,688.89
2016-05-24,CA_1,FOODS_2,677.39
2016-05-25,CA_1,FOODS_2,681.85
2016-05-26,CA_1,FOODS_2,591.32
2016-05-27,CA_1,FOODS_2,571.28
2016-05-28,CA_1,FOODS_2,598.77
2016-05-29,CA_1,FOODS_2,603.01
2016-05-30,CA_1,FOODS_2,608.01
2016-05-31,CA_1,FOODS_2,634.77
2016-06-01,CA_1,FOODS_2,616.62
2016-06-02,CA_1,FOODS_2,562.67
2016-06-03,CA_1,FOODS_2,546.12
2016-06-04,CA_1,FOODS_2,568.64
2016-06-05,CA_1,FOODS_2,567.01
2016-06-06,CA_1,FOODS_2,599.73
2016-06-07,CA_1,FOODS_2,630.82
2016-06-08,CA_1,FOODS_2,607.63
2016-06-09,CA_1,FOODS_2,548.63
2016-06-10,CA_1,FOODS_2,530.71
2016-06-11,CA_1,FOODS_2,552.06
2016-06-12,CA_1,FOODS_2,554.0
2016-06-13,CA_1,FOODS_2,596.91
2016-06-14,CA_1,FOODS_2,614.84
2016-06-15,CA_1,FOODS_2,597.34
2016-06-16,CA_1,FOODS_2,541.2
2016-06-17,CA_1,FOODS_2,529.81
2016-06-18,CA_1,FOODS_2,552.23
2016-06-19,CA_1,FOODS_2,536.96
2016-05-23,CA_1,FOODS_3,3000.77
2016-05-24,CA_1,FOODS_3,3071.44
2016-05-25,CA_1,FOODS_3,2966.14
2016-05-26,CA_1,FOODS_3,2675.24
2016-05-27,CA_1,FOODS_3,2558.3
2016-05-28,CA_1,FOODS_3,2553.5
2016-05-29,CA_1,FOODS_3,2578.31
2016-05-30,CA_1,FOODS_3,2760.4
2016-05-31,CA_1,FOODS_3,2837.39
2016-06-01,CA_1,FOODS_3,2803.18
2016-06-02,CA_1,FOODS_3,2560.88
2016-06-03,CA_1,FOODS_3,2496.8
2016-06-04,CA_1,FOODS_3,2636.55
2016-06-05,CA_1,FOODS_3,2773.74
2016-06-06,CA_1,FOODS_3,2953.8
2016-06-07,CA_1,FOODS_3,3060.15
2016-06-08,CA_1,FOODS_3,2957.42
2016-06-09,CA_1,FOODS_3,2735.09
2016-06-10,CA_1,FOODS_3,2674.59
2016-06-11,CA_1,FOODS_3,2770.57
2016-06-12,CA_1,FOODS_3,2846.16
2016-06-13,CA_1,FOODS_3,3037.39
2016-06-14,CA_1,FOODS_3,3152.12
2016-06-15,CA_1,FOODS_3,3028.4
2016-06-16,CA_1,FOODS_3,2857.94
2016-06-17,CA_1,FOODS_3,2756.05
2016-06-18,CA_1,FOODS_3,2827.62
2016-06-19,CA_1,FOODS_3,2917.19
2016-05-23,CA_1,HOBBIES_1,600.34
2016-05-24,CA_1,HOBBIES_1,580.6
2016-05-25,CA_1,HOBBIES_1,574.83
2016-05-26,CA_1,HOBBIES_1,528.1
2016-05-27,CA_1,HOBBIES_1,498.21
2016-05-28,CA_1,HOBBIES_1,536.11
2016-05-29,CA_1,HOBBIES_1,530.93
2016-05-30,CA_1,HOBBIES_1,550.89
2016-05-31,CA_1,HOBBIES_1,560.67
2016-06-01,CA_1,HOBBIES_1,541.6
2016-06-02,CA_1,HOBBIES_1,507.55
2016-06-03,CA_1,HOBBIES_1,501.25
2016-06-04,CA_1,HOBBIES_1,525.16
2016-06-05,CA_1,HOBBIES_1,523.1
2016-06-06,CA_1,HOBBIES_1,552.37
2016-06-07,CA_1,HOBBIES_1,567.81
2016-06-08,CA_1,HOBBIES_1,544.75
2016-06-09,CA_1,HOBBIES_1,507.35
2016-06-10,CA_1,HOBBIES_1,506.0
2016-06-11,CA_1,HOBBIES_1,524.65
2016-06-12,CA_1,HOBBIES_1,527.21
2016-06-13,CA_1,HOBBIES_1,552.37
2016-06-14,CA_1,HOBBIES_1,568.29
2016-06-15,CA_1,HOBBIES_1,544.75
2016-06-16,CA_1,HOBBIES_1,507.35
2016-06-17,CA_1,HOBBIES_1,506.0
2016-06-18,CA_1,HOBBIES_1,524.65
2016-06-19,CA_1,HOBBIES_1,527.21
2016-05-23,CA_1,HOBBIES_2,59.47
2016-05-24,CA_1,HOBBIES_2,58.66
2016-05-25,CA_1,HOBBIES_2,52.94
2016-05-26,CA_1,HOBBIES_2,49.21
2016-05-27,CA_1,HOBBIES_2,48.66
2016-05-28,CA_1,HOBBIES_2,50.21
2016-05-29,CA_1,HOBBIES_2,52.76
2016-05-30,CA_1,HOBBIES_2,59.15
2016-05-31,CA_1,HOBBIES_2,60.26
2016-06-01,CA_1,HOBBIES_2,52.79
2016-06-02,CA_1,HOBBIES_2,50.33
2016-06-03,CA_1,HOBBIES_2,49.76
2016-06-04,CA_1,HOBBIES_2,50.41
2016-06-05,CA_1,HOBBIES_2,52.38
2016-06-06,CA_1,HOBBIES_2,58.96
2016-06-07,CA_1,HOBBIES_2,60.97
2016-06-08,CA_1,HOBBIES_2,53.92
2016-06-09,CA_1,HOBBIES_2,51.46
2016-06-10,CA_1,HOBBIES_2,50.89
2016-06-11,CA_1,HOBBIES_2,51.53
2016-06-12,CA_1,HOBBIES_2,53.51
2016-06-13,CA_1,HOBBIES_2,60.08
2016-06-14,CA_1,HOBBIES_2,61.11
2016-06-15,CA_1,HOBBIES_2,53.92
2016-06-16,CA_1,HOBBIES_2,51.46
2016-06-17,CA_1,HOBBIES_2,50.89
2016-06-18,CA_1,HOBBIES_2,51.53
2016-06-19,CA_1,HOBBIES_2,53.51
2016-05-23,CA_1,HOUSEHOLD_1,977.01
2016-05-24,CA_1,HOUSEHOLD_1,987.51
2016-05-25,CA_1,HOUSEHOLD_1,989.52
2016-05-26,CA_1,HOUSEHOLD_1,933.24
2016-05-27,CA_1,HOUSEHOLD_1,922.68
2016-05-28,CA_1,HOUSEHOLD_1,980.95
2016-05-29,CA_1,HOUSEHOLD_1,1029.11
2016-05-30,CA_1,HOUSEHOLD_1,1028.9
2016-05-31,CA_1,HOUSEHOLD_1,1048.36
2016-06-01,CA_1,HOUSEHOLD_1,1047.19
2016-06-02,CA_1,HOUSEHOLD_1,979.18
2016-06-03,CA_1,HOUSEHOLD_1,976.57
2016-06-04,CA_1,HOUSEHOLD_1,1014.65
2016-06-05,CA_1,HOUSEHOLD_1,1087.13
2016-06-06,CA_1,HOUSEHOLD_1,1085.27
2016-06-07,CA_1,HOUSEHOLD_1,1110.09
2016-06-08,CA_1,HOUSEHOLD_1,1085.29
2016-06-09,CA_1,HOUSEHOLD_1,1042.03
2016-06-10,CA_1,HOUSEHOLD_1,1025.82
2016-06-11,CA_1,HOUSEHOLD_1,1073.63
2016-06-12,CA_1,HOUSEHOLD_1,1115.72
2016-06-13,CA_1,HOUSEHOLD_1,1119.07
2016-06-14,CA_1,HOUSEHOLD_1,1147.26
2016-06-15,CA_1,HOUSEHOLD_1,1122.36
2016-06-16,CA_1,HOUSEHOLD_1,1074.63
2016-06-17,CA_1,HOUSEHOLD_1,1041.76
2016-06-18,CA_1,HOUSEHOLD_1,1111.19
2016-06-19,CA_1,HOUSEHOLD_1,1120.7
2016-05-23,CA_1,HOUSEHOLD_2,313.11
2016-05-24,CA_1,HOUSEHOLD_2,308.35
2016-05-25,CA_1,HOUSEHOLD_2,292.74
2016-05-26,CA_1,HOUSEHOLD_2,269.91
2016-05-27,CA_1,HOUSEHOLD_2,268.11
2016-05-28,CA_1,HOUSEHOLD_2,282.36
2016-05-29,CA_1,HOUSEHOLD_2,292.7
2016-05-30,CA_1,HOUSEHOLD_2,292.19
2016-05-31,CA_1,HOUSEHOLD_2,305.5
2016-06-01,CA_1,HOUSEHOLD_2,284.14
2016-06-02,CA_1,HOUSEHOLD_2,271.88
2016-06-03,CA_1,HOUSEHOLD_2,264.78
2016-06-04,CA_1,HOUSEHOLD_2,280.55
2016-06-05,CA_1,HOUSEHOLD_2,294.85
2016-06-06,CA_1,HOUSEHOLD_2,292.94
2016-06-07,CA_1,HOUSEHOLD_2,304.62
2016-06-08,CA_1,HOUSEHOLD_2,285.25
2016-06-09,CA_1,HOUSEHOLD_2,274.73
2016-06-10,CA_1,HOUSEHOLD_2,267.63
2016-06-11,CA_1,HOUSEHOLD_2,288.37
2016-06-12,CA_1,HOUSEHOLD_2,301.97
2016-06-13,CA_1,HOUSEHOLD_2,293.66
2016-06-14,CA_1,HOUSEHOLD_2,311.01
2016-06-15,CA_1,HOUSEHOLD_2,288.48
2016-06-16,CA_1,HOUSEHOLD_2,275.6
2016-06-17,CA_1,HOUSEHOLD_2,265.96
2016-06-18,CA_1,HOUSEHOLD_2,293.58
2016-06-19,CA_1,HOUSEHOLD_2,302.75
2016-05-23,CA_2,FOODS_1,681.66
2016-05-24,CA_2,FOODS_1,687.54
2016-05-25,CA_2,FOODS_1,627.68
2016-05-26,CA_2,FOODS_1,610.28
2016-05-27,CA_2,FOODS_1,570.62
2016-05-28,CA_2,FOODS_1,590.47
2016-05-29,CA_2,FOODS_1,594.03
2016-05-30,CA_2,FOODS_1,619.8
2016-05-31,CA_2,FOODS_1,638.76
2016-06-01,CA_2,FOODS_1,590.24
2016-06-02,CA_2,FOODS_1,536.9
2016-06-03,CA_2,FOODS_1,527.54
2016-06-04,CA_2,FOODS_1,554.5
2016-06-05,CA_2,FOODS_1,547.87
2016-06-06,CA_2,FOODS_1,583.85
2016-06-07,CA_2,FOODS_1,613.12
2016-06-08,CA_2,FOODS_1,571.06
2016-06-09,CA_2,FOODS_1,529.22
2016-06-10,CA_2,FOODS_1,497.26
2016-06-11,CA_2,FOODS_1,531.63
2016-06-12,CA_2,FOODS_1,524.39
2016-06-13,CA_2,FOODS_1,561.65
2016-06-14,CA_2,FOODS_1,575.24
2016-06-15,CA_2,FOODS_1,540.55
2016-06-16,CA_2,FOODS_1,506.47
2016-06-17,CA_2,FOODS_1,494.82
2016-06-18,CA_2,FOODS_1,512.24
2016-06-19,CA_2,FOODS_1,513.62
2016-05-23,CA_2,FOODS_2,785.55
2016-05-24,CA_2,FOODS_2,782.59
2016-05-25,CA_2,FOODS_2,773.43
2016-05-26,CA_2,FOODS_2,685.8
2016-05-27,CA_2,FOODS_2,650.82
2016-05-28,CA_2,FOODS_2,710.85
2016-05-29,CA_2,FOODS_2,730.82
2016-05-30,CA_2,FOODS_2,727.27
2016-05-31,CA_2,FOODS_2,735.87
2016-06-01,CA_2,FOODS_2,706.1
2016-06-02,CA_2,FOODS_2,650.08
2016-06-03,CA_2,FOODS_2,633.73
2016-06-04,CA_2,FOODS_2,688.72
2016-06-05,CA_2,FOODS_2,705.57
2016-06-06,CA_2,FOODS_2,710.9
2016-06-07,CA_2,FOODS_2,724.2
2016-06-08,CA_2,FOODS_2,691.66
2016-06-09,CA_2,FOODS_2,628.1
2016-06-10,CA_2,FOODS_2,617.35
2016-06-11,CA_2,FOODS_2,682.52
2016-06-12,CA_2,FOODS_2,682.61
2016-06-13,CA_2,FOODS_2,690.55
2016-06-14,CA_2,FOODS_2,706.44
2016-06-15,CA_2,FOODS_2,694.81
2016-06-16,CA_2,FOODS_2,626.38
2016-06-17,CA_2,FOODS_2,601.89
2016-06-18,CA_2,FOODS_2,657.76
2016-06-19,CA_2,FOODS_2,666.16
2016-05-23,CA_2,FOODS_3,2760.98
2016-05-24,CA_2,FOODS_3,2768.7
2016-05-25,CA_2,FOODS_3,2604.42
2016-05-26,CA_2,FOODS_3,2308.9
2016-05-27,CA_2,FOODS_3,2208.79
2016-05-28,CA_2,FOODS_3,2390.15
2016-05-29,CA_2,FOODS_3,2362.75
2016-05-30,CA_2,FOODS_3,2506.02
2016-05-31,CA_2,FOODS_3,2608.05
2016-06-01,CA_2,FOODS_3,2476.96
2016-06-02,CA_2,FOODS_3,2246.8
2016-06-03,CA_2,FOODS_3,2242.4
2016-06-04,CA_2,FOODS_3,2434.9
2016-06-05,CA_2,FOODS_3,2468.58
2016-06-06,CA_2,FOODS_3,2616.26
2016-06-07,CA_2,FOODS_3,2725.67
2016-06-08,CA_2,FOODS_3,2623.59
2016-06-09,CA_2,FOODS_3,2309.15
2016-06-10,CA_2,FOODS_3,2309.1
2016-06-11,CA_2,FOODS_3,2453.04
2016-06-12,CA_2,FOODS_3,2584.43
2016-06-13,CA_2,FOODS_3,2669.87
2016-06-14,CA_2,FOODS_3,2770.93
2016-06-15,CA_2,FOODS_3,2660.98
2016-06-16,CA_2,FOODS_3,2434.9
2016-06-17,CA_2,FOODS_3,2360.39
2016-06-18,CA_2,FOODS_3,2463.7
2016-06-19,CA_2,FOODS_3,2610.87
2016-05-23,CA_2,HOBBIES_1,515.61
2016-05-24,CA_2,HOBBIES_1,535.06
2016-05-25,CA_2,HOBBIES_1,520.48
2016-05-26,CA_2,HOBBIES_1,498.6
2016-05-27,CA_2,HOBBIES_1,456.2
2016-05-28,CA_2,HOBBIES_1,497.52
2016-05-29,CA_2,HOBBIES_1,505.5
2016-05-30,CA_2,HOBBIES_1,505.89
2016-05-31,CA_2,HOBBIES_1,527.01
2016-06-01,CA_2,HOBBIES_1,484.61
2016-06-02,CA_2,HOBBIES_1,468.94
2016-06-03,CA_2,HOBBIES_1,453.58
2016-06-04,CA_2,HOBBIES_1,498.78
2016-06-05,CA_2,HOBBIES_1,498.48
2016-06-06,CA_2,HOBBIES_1,508.53
2016-06-07,CA_2,HOBBIES_1,524.33
2016-06-08,CA_2,HOBBIES_1,490.53
2016-06-09,CA_2,HOBBIES_1,470.54
2016-06-10,CA_2,HOBBIES_1,455.35
2016-06-11,CA_2,HOBBIES_1,498.92
2016-06-12,CA_2,HOBBIES_1,502.21
2016-06-13,CA_2,HOBBIES_1,510.65
2016-06-14,CA_2,HOBBIES_1,524.57
2016-06-15,CA_2,HOBBIES_1,490.67
2016-06-16,CA_2,HOBBIES_1,472.67
2016-06-17,CA_2,HOBBIES_1,461.64
2016-06-18,CA_2,HOBBIES_1,499.78
2016-06-19,CA_2,HOBBIES_1,506.28
2016-05-23,CA_2,HOBBIES_2,59.49
2016-05-24,CA_2,HOBBIES_2,59.7
2016-05-25,CA_2,HOBBIES_2,51.65
2016-05-26,CA_2,HOBBIES_2,50.14
2016-05-27,CA_2,HOBBIES_2,48.66
2016-05-28,CA_2,HOBBIES_2,50.21
2016-05-29,CA_2,HOBBIES_2,52.76
2016-05-30,CA_2,HOBBIES_2,60.38
2016-05-31,CA_2,HOBBIES_2,61.34
2016-06-01,CA_2,HOBBIES_2,53.92
2016-06-02,CA_2,HOBBIES_2,50.69
2016-06-03,CA_2,HOBBIES_2,49.36
2016-06-04,CA_2,HOBBIES_2,50.0
2016-06-05,CA_2,HOBBIES_2,51.98
2016-06-06,CA_2,HOBBIES_2,59.64
2016-06-07,CA_2,HOBBIES_2,62.05
2016-06-08,CA_2,HOBBIES_2,55.86
2016-06-09,CA_2,HOBBIES_2,51.32
2016-06-10,CA_2,HOBBIES_2,50.89
2016-06-11,CA_2,HOBBIES_2,51.53
2016-06-12,CA_2,HOBBIES_2,53.68
2016-06-13,CA_2,HOBBIES_2,61.17
2016-06-14,CA_2,HOBBIES_2,62.19
2016-06-15,CA_2,HOBBIES_2,55.86
2016-06-16,CA_2,HOBBIES_2,51.32
2016-06-17,CA_2,HOBBIES_2,50.89
2016-06-18,CA_2,HOBBIES_2,51.53
2016-06-19,CA_2,HOBBIES_2,53.68
2016-05-23,CA_2,HOUSEHOLD_1,1210.61
2016-05-24,CA_2,HOUSEHOLD_1,1197.14
2016-05-25,CA_2,HOUSEHOLD_1,1240.96
2016-05-26,CA_2,HOUSEHOLD_1,1136.94
2016-05-27,CA_2,HOUSEHOLD_1,1073.69
2016-05-28,CA_2,HOUSEHOLD_1,1164.87
2016-05-29,CA_2,HOUSEHOLD_1,1223.53
2016-05-30,CA_2,HOUSEHOLD_1,1224.19
2016-05-31,CA_2,HOUSEHOLD_1,1259.48
2016-06-01,CA_2,HOUSEHOLD_1,1206.24
2016-06-02,CA_2,HOUSEHOLD_1,1174.48
2016-06-03,CA_2,HOUSEHOLD_1,1119.48
2016-06-04,CA_2,HOUSEHOLD_1,1152.4
2016-06-05,CA_2,HOUSEHOLD_1,1211.25
2016-06-06,CA_2,HOUSEHOLD_1,1279.72
2016-06-07,CA_2,HOUSEHOLD_1,1278.43
2016-06-08,CA_2,HOUSEHOLD_1,1246.77
2016-06-09,CA_2,HOUSEHOLD_1,1179.94
2016-06-10,CA_2,HOUSEHOLD_1,1125.77
2016-06-11,CA_2,HOUSEHOLD_1,1201.21
2016-06-12,CA_2,HOUSEHOLD_1,1234.9
2016-06-13,CA_2,HOUSEHOLD_1,1285.68
2016-06-14,CA_2,HOUSEHOLD_1,1290.12
2016-06-15,CA_2,HOUSEHOLD_1,1265.72
2016-06-16,CA_2,HOUSEHOLD_1,1205.94
2016-06-17,CA_2,HOUSEHOLD_1,1171.89
2016-06-18,CA_2,HOUSEHOLD_1,1215.49
2016-06-19,CA_2,HOUSEHOLD_1,1248.11
2016-05-23,CA_2,HOUSEHOLD_2,429.3
2016-05-24,CA_2,HOUSEHOLD_2,440.1
2016-05-25,CA_2,HOUSEHOLD_2,431.11
2016-05-26,CA_2,HOUSEHOLD_2,405.86
2016-05-27,CA_2,HOUSEHOLD_2,372.11
2016-05-28,CA_2,HOUSEHOLD_2,403.12
2016-05-29,CA_2,HOUSEHOLD_2,406.87
2016-05-30,CA_2,HOUSEHOLD_2,417.17
2016-05-31,CA_2,HOUSEHOLD_2,429.03
2016-06-01,CA_2,HOUSEHOLD_2,395.11
2016-06-02,CA_2,HOUSEHOLD_2,365.14
2016-06-03,CA_2,HOUSEHOLD_2,359.99
2016-06-04,CA_2,HOUSEHOLD_2,385.73
2016-06-05,CA_2,HOUSEHOLD_2,389.78
2016-06-06,CA_2,HOUSEHOLD_2,400.84
2016-06-07,CA_2,HOUSEHOLD_2,422.45
2016-06-08,CA_2,HOUSEHOLD_2,383.83
2016-06-09,CA_2,HOUSEHOLD_2,361.54
2016-06-10,CA_2,HOUSEHOLD_2,357.86
2016-06-11,CA_2,HOUSEHOLD_2,376.9
2016-06-12,CA_2,HOUSEHOLD_2,389.36
2016-06-13,CA_2,HOUSEHOLD_2,401.58
2016-06-14,CA_2,HOUSEHOLD_2,413.73
2016-06-15,CA_2,HOUSEHOLD_2,381.79
2016-06-16,CA_2,HOUSEHOLD_2,357.42
2016-06-17,CA_2,HOUSEHOLD_2,353.74
2016-06-18,CA_2,HOUSEHOLD_2,375.64
2016-06-19,CA_2,HOUSEHOLD_2,386.9
2016-05-23,CA_3,FOODS_1,538.87
2016-05-24,CA_3,FOODS_1,540.49
2016-05-25,CA_3,FOODS_1,499.82
2016-05-26,CA_3,FOODS_1,480.38
2016-05-27,CA_3,FOODS_1,461.12
2016-05-28,CA_3,FOODS_1,488.36
2016-05-29,CA_3,FOODS_1,484.15
2016-05-30,CA_3,FOODS_1,510.17
2016-05-31,CA_3,FOODS_1,519.19
2016-06-01,CA_3,FOODS_1,469.6
2016-06-02,CA_3,FOODS_1,453.18
2016-06-03,CA_3,FOODS_1,451.46
2016-06-04,CA_3,FOODS_1,476.3
2016-06-05,CA_3,FOODS_1,468.92
2016-06-06,CA_3,FOODS_1,501.72
2016-06-07,CA_3,FOODS_1,521.03
2016-06-08,CA_3,FOODS_1,468.36
2016-06-09,CA_3,FOODS_1,450.22
2016-06-10,CA_3,FOODS_1,450.08
2016-06-11,CA_3,FOODS_1,476.3
2016-06-12,CA_3,FOODS_1,468.92
2016-06-13,CA_3,FOODS_1,501.72
2016-06-14,CA_3,FOODS_1,520.68
2016-06-15,CA_3,FOODS_1,468.36
2016-06-16,CA_3,FOODS_1,450.22
2016-06-17,CA_3,FOODS_1,450.08
2016-06-18,CA_3,FOODS_1,476.09
2016-06-19,CA_3,FOODS_1,468.71
2016-05-23,CA_3,FOODS_2,826.19
2016-05-24,CA_3,FOODS_2,831.58
2016-05-25,CA_3,FOODS_2,810.6
2016-05-26,CA_3,FOODS_2,683.05
2016-05-27,CA_3,FOODS_2,682.29
2016-05-28,CA_3,FOODS_2,713.64
2016-05-29,CA_3,FOODS_2,718.46
2016-05-30,CA_3,FOODS_2,716.56
2016-05-31,CA_3,FOODS_2,727.42
2016-06-01,CA_3,FOODS_2,711.77
2016-06-02,CA_3,FOODS_2,656.74
2016-06-03,CA_3,FOODS_2,634.6
2016-06-04,CA_3,FOODS_2,688.43
2016-06-05,CA_3,FOODS_2,696.39
2016-06-06,CA_3,FOODS_2,705.73
2016-06-07,CA_3,FOODS_2,722.1
2016-06-08,CA_3,FOODS_2,698.12
2016-06-09,CA_3,FOODS_2,640.69
2016-06-10,CA_3,FOODS_2,621.23
2016-06-11,CA_3,FOODS_2,676.41
2016-06-12,CA_3,FOODS_2,676.34
2016-06-13,CA_3,FOODS_2,696.12
2016-06-14,CA_3,FOODS_2,701.22
2016-06-15,CA_3,FOODS_2,695.21
2016-06-16,CA_3,FOODS_2,635.05
2016-06-17,CA_3,FOODS_2,609.31
2016-06-18,CA_3,FOODS_2,637.88
2016-06-19,CA_3,FOODS_2,656.16
2016-05-23,CA_3,FOODS_3,3272.33
2016-05-24,CA_3,FOODS_3,3232.36
2016-05-25,CA_3,FOODS_3,3149.58
2016-05-26,CA_3,FOODS_3,2889.19
2016-05-27,CA_3,FOODS_3,2689.59
2016-05-28,CA_3,FOODS_3,2697.97
2016-05-29,CA_3,FOODS_3,2687.6
2016-05-30,CA_3,FOODS_3,2930.75
2016-05-31,CA_3,FOODS_3,3068.08
2016-06-01,CA_3,FOODS_3,3056.41
2016-06-02,CA_3,FOODS_3,2879.24
2016-06-03,CA_3,FOODS_3,2890.58
2016-06-04,CA_3,FOODS_3,2958.84
2016-06-05,CA_3,FOODS_3,3090.41
2016-06-06,CA_3,FOODS_3,3345.15
2016-06-07,CA_3,FOODS_3,3544.76
2016-06-08,CA_3,FOODS_3,3509.38
2016-06-09,CA_3,FOODS_3,3226.51
2016-06-10,CA_3,FOODS_3,3093.24
2016-06-11,CA_3,FOODS_3,3196.0
2016-06-12,CA_3,FOODS_3,3209.41
2016-06-13,CA_3,FOODS_3,3549.96
2016-06-14,CA_3,FOODS_3,4009.87
2016-06-15,CA_3,FOODS_3,3853.67
2016-06-16,CA_3,FOODS_3,3371.18
2016-06-17,CA_3,FOODS_3,3212.03
2016-06-18,CA_3,FOODS_3,3215.64
2016-06-19,CA_3,FOODS_3,3259.28
2016-05-23,CA_3,HOBBIES_1,586.33
2016-05-24,CA_3,HOBBIES_1,596.62
2016-05-25,CA_3,HOBBIES_1,579.89
2016-05-26,CA_3,HOBBIES_1,543.15
2016-05-27,CA_3,HOBBIES_1,522.79
2016-05-28,CA_3,HOBBIES_1,536.71
2016-05-29,CA_3,HOBBIES_1,534.85
2016-05-30,CA_3,HOBBIES_1,578.53
2016-05-31,CA_3,HOBBIES_1,587.07
2016-06-01,CA_3,HOBBIES_1,560.02
2016-06-02,CA_3,HOBBIES_1,530.07
2016-06-03,CA_3,HOBBIES_1,515.63
2016-06-04,CA_3,HOBBIES_1,534.23
2016-06-05,CA_3,HOBBIES_1,536.35
2016-06-06,CA_3,HOBBIES_1,579.48
2016-06-07,CA_3,HOBBIES_1,584.61
2016-06-08,CA_3,HOBBIES_1,559.18
2016-06-09,CA_3,HOBBIES_1,529.99
2016-06-10,CA_3,HOBBIES_1,511.58
2016-06-11,CA_3,HOBBIES_1,531.53
2016-06-12,CA_3,HOBBIES_1,536.77
2016-06-13,CA_3,HOBBIES_1,580.48
2016-06-14,CA_3,HOBBIES_1,583.48
2016-06-15,CA_3,HOBBIES_1,559.18
2016-06-16,CA_3,HOBBIES_1,531.26
2016-06-17,CA_3,HOBBIES_1,516.62
2016-06-18,CA_3,HOBBIES_1,534.23
2016-06-19,CA_3,HOBBIES_1,536.35
2016-05-23,CA_3,HOBBIES_2,73.09
2016-05-24,CA_3,HOBBIES_2,75.1
2016-05-25,CA_3,HOBBIES_2,69.11
2016-05-26,CA_3,HOBBIES_2,64.93
2016-05-27,CA_3,HOBBIES_2,63.83
2016-05-28,CA_3,HOBBIES_2,63.35
2016-05-29,CA_3,HOBBIES_2,63.12
2016-05-30,CA_3,HOBBIES_2,70.0
2016-05-31,CA_3,HOBBIES_2,71.68
2016-06-01,CA_3,HOBBIES_2,66.11
2016-06-02,CA_3,HOBBIES_2,63.78
2016-06-03,CA_3,HOBBIES_2,63.78
2016-06-04,CA_3,HOBBIES_2,63.12
2016-06-05,CA_3,HOBBIES_2,63.05
2016-06-06,CA_3,HOBBIES_2,69.47
2016-06-07,CA_3,HOBBIES_2,71.06
2016-06-08,CA_3,HOBBIES_2,66.11
2016-06-09,CA_3,HOBBIES_2,63.78
2016-06-10,CA_3,HOBBIES_2,62.96
2016-06-11,CA_3,HOBBIES_2,63.12
2016-06-12,CA_3,HOBBIES_2,63.05
2016-06-13,CA_3,HOBBIES_2,69.47
2016-06-14,CA_3,HOBBIES_2,71.06
2016-06-15,CA_3,HOBBIES_2,66.11
2016-06-16,CA_3,HOBBIES_2,63.78
2016-06-17,CA_3,HOBBIES_2,62.96
2016-06-18,CA_3,HOBBIES_2,63.12
2016-06-19,CA_3,HOBBIES_2,63.05
2016-05-23,CA_3,HOUSEHOLD_1,1675.73
2016-05-24,CA_3,HOUSEHOLD_1,1706.46
2016-05-25,CA_3,HOUSEHOLD_1,1617.98
2016-05-26,CA_3,HOUSEHOLD_1,1476.37
2016-05-27,CA_3,HOUSEHOLD_1,1402.28
2016-05-28,CA_3,HOUSEHOLD_1,1453.34
2016-05-29,CA_3,HOUSEHOLD_1,1514.58
2016-05-30,CA_3,HOUSEHOLD_1,1565.28
2016-05-31,CA_3,HOUSEHOLD_1,1630.96
2016-06-01,CA_3,HOUSEHOLD_1,1514.72
2016-06-02,CA_3,HOUSEHOLD_1,1417.62
2016-06-03,CA_3,HOUSEHOLD_1,1335.95
2016-06-04,CA_3,HOUSEHOLD_1,1413.37
2016-06-05,CA_3,HOUSEHOLD_1,1421.88
2016-06-06,CA_3,HOUSEHOLD_1,1507.55
2016-06-07,CA_3,HOUSEHOLD_1,1605.39
2016-06-08,CA_3,HOUSEHOLD_1,1503.8
2016-06-09,CA_3,HOUSEHOLD_1,1373.84
2016-06-10,CA_3,HOUSEHOLD_1,1334.67
2016-06-11,CA_3,HOUSEHOLD_1,1415.26
2016-06-12,CA_3,HOUSEHOLD_1,1410.64
2016-06-13,CA_3,HOUSEHOLD_1,1510.15
2016-06-14,CA_3,HOUSEHOLD_1,1602.38
2016-06-15,CA_3,HOUSEHOLD_1,1502.58
2016-06-16,CA_3,HOUSEHOLD_1,1376.7
2016-06-17,CA_3,HOUSEHOLD_1,1332.68
2016-06-18,CA_3,HOUSEHOLD_1,1415.26
2016-06-19,CA_3,HOUSEHOLD_1,1410.05
2016-05-23,CA_3,HOUSEHOLD_2,491.75
2016-05-24,CA_3,HOUSEHOLD_2,519.09
2016-05-25,CA_3,HOUSEHOLD_2,495.54
2016-05-26,CA_3,HOUSEHOLD_2,477.76
2016-05-27,CA_3,HOUSEHOLD_2,445.9
2016-05-28,CA_3,HOUSEHOLD_2,485.05
2016-05-29,CA_3,HOUSEHOLD_2,499.06
2016-05-30,CA_3,HOUSEHOLD_2,494.36
2016-05-31,CA_3,HOUSEHOLD_2,517.39
2016-06-01,CA_3,HOUSEHOLD_2,490.36
2016-06-02,CA_3,HOUSEHOLD_2,469.98
2016-06-03,CA_3,HOUSEHOLD_2,452.94
2016-06-04,CA_3,HOUSEHOLD_2,492.94
2016-06-05,CA_3,HOUSEHOLD_2,500.89
2016-06-06,CA_3,HOUSEHOLD_2,509.93
2016-06-07,CA_3,HOUSEHOLD_2,527.97
2016-06-08,CA_3,HOUSEHOLD_2,499.77
2016-06-09,CA_3,HOUSEHOLD_2,480.21
2016-06-10,CA_3,HOUSEHOLD_2,465.06
2016-06-11,CA_3,HOUSEHOLD_2,502.28
2016-06-12,CA_3,HOUSEHOLD_2,501.4
2016-06-13,CA_3,HOUSEHOLD_2,515.58
2016-06-14,CA_3,HOUSEHOLD_2,527.29
2016-06-15,CA_3,HOUSEHOLD_2,506.63
2016-06-16,CA_3,HOUSEHOLD_2,480.21
2016-06-17,CA_3,HOUSEHOLD_2,467.05
2016-06-18,CA_3,HOUSEHOLD_2,506.35
2016-06-19,CA_3,HOUSEHOLD_2,507.35
2016-05-23,CA_4,FOODS_1,266.92
2016-05-24,CA_4,FOODS_1,270.81
2016-05-25,CA_4,FOODS_1,262.72
2016-05-26,CA_4,FOODS_1,255.02
2016-05-27,CA_4,FOODS_1,249.27
2016-05-28,CA_4,FOODS_1,258.6
2016-05-29,CA_4,FOODS_1,261.83
2016-05-30,CA_4,FOODS_1,258.53
2016-05-31,CA_4,FOODS_1,257.36
2016-06-01,CA_4,FOODS_1,247.68
2016-06-02,CA_4,FOODS_1,247.02
2016-06-03,CA_4,FOODS_1,242.76
2016-06-04,CA_4,FOODS_1,254.88
2016-06-05,CA_4,FOODS_1,263.37
2016-06-06,CA_4,FOODS_1,259.62
2016-06-07,CA_4,FOODS_1,261.39
2016-06-08,CA_4,FOODS_1,247.57
2016-06-09,CA_4,FOODS_1,246.73
2016-06-10,CA_4,FOODS_1,242.47
2016-06-11,CA_4,FOODS_1,254.88
2016-06-12,CA_4,FOODS_1,263.37
2016-06-13,CA_4,FOODS_1,259.62
2016-06-14,CA_4,FOODS_1,261.57
2016-06-15,CA_4,FOODS_1,247.57
2016-06-16,CA_4,FOODS_1,246.73
2016-06-17,CA_4,FOODS_1,242.47
2016-06-18,CA_4,FOODS_1,254.88
2016-06-19,CA_4,FOODS_1,263.37
2016-05-23,CA_4,FOODS_2,445.23
2016-05-24,CA_4,FOODS_2,456.49
2016-05-25,CA_4,FOODS_2,461.97
2016-05-26,CA_4,FOODS_2,405.5
2016-05-27,CA_4,FOODS_2,398.52
2016-05-28,CA_4,FOODS_2,408.57
2016-05-29,CA_4,FOODS_2,396.21
2016-05-30,CA_4,FOODS_2,412.82
2016-05-31,CA_4,FOODS_2,426.62
2016-06-01,CA_4,FOODS_2,413.82
2016-06-02,CA_4,FOODS_2,389.07
2016-06-03,CA_4,FOODS_2,375.39
2016-06-04,CA_4,FOODS_2,387.02
2016-06-05,CA_4,FOODS_2,382.65
2016-06-06,CA_4,FOODS_2,399.19
2016-06-07,CA_4,FOODS_2,424.16
2016-06-08,CA_4,FOODS_2,400.26
2016-06-09,CA_4,FOODS_2,382.8
2016-06-10,CA_4,FOODS_2,365.2
2016-06-11,CA_4,FOODS_2,379.38
2016-06-12,CA_4,FOODS_2,376.39
2016-06-13,CA_4,FOODS_2,393.23
2016-06-14,CA_4,FOODS_2,410.92
2016-06-15,CA_4,FOODS_2,386.11
2016-06-16,CA_4,FOODS_2,367.49
2016-06-17,CA_4,FOODS_2,360.19
2016-06-18,CA_4,FOODS_2,368.72
2016-06-19,CA_4,FOODS_2,370.66
2016-05-23,CA_4,FOODS_3,1318.93
2016-05-24,CA_4,FOODS_3,1333.02
2016-05-25,CA_4,FOODS_3,1281.72
2016-05-26,CA_4,FOODS_3,1233.51
2016-05-27,CA_4,FOODS_3,1189.09
2016-05-28,CA_4,FOODS_3,1218.32
2016-05-29,CA_4,FOODS_3,1228.21
2016-05-30,CA_4,FOODS_3,1266.31
2016-05-31,CA_4,FOODS_3,1286.52
2016-06-01,CA_4,FOODS_3,1286.83
2016-06-02,CA_4,FOODS_3,1235.65
2016-06-03,CA_4,FOODS_3,1199.25
2016-06-04,CA_4,FOODS_3,1227.13
2016-06-05,CA_4,FOODS_3,1240.62
2016-06-06,CA_4,FOODS_3,1276.52
2016-06-07,CA_4,FOODS_3,1310.45
2016-06-08,CA_4,FOODS_3,1284.19
2016-06-09,CA_4,FOODS_3,1235.65
2016-06-10,CA_4,FOODS_3,1205.08
2016-06-11,CA_4,FOODS_3,1227.13
2016-06-12,CA_4,FOODS_3,1244.52
2016-06-13,CA_4,FOODS_3,1280.42
2016-06-14,CA_4,FOODS_3,1310.45
2016-06-15,CA_4,FOODS_3,1282.17
2016-06-16,CA_4,FOODS_3,1232.52
2016-06-17,CA_4,FOODS_3,1197.96
2016-06-18,CA_4,FOODS_3,1227.13
2016-06-19,CA_4,FOODS_3,1244.52
2016-05-23,CA_4,HOBBIES_1,419.21
2016-05-24,CA_4,HOBBIES_1,423.58
2016-05-25,CA_4,HOBBIES_1,413.91
2016-05-26,CA_4,HOBBIES_1,404.77
2016-05-27,CA_4,HOBBIES_1,377.53
2016-05-28,CA_4,HOBBIES_1,396.85
2016-05-29,CA_4,HOBBIES_1,389.0
2016-05-30,CA_4,HOBBIES_1,398.83
2016-05-31,CA_4,HOBBIES_1,418.81
2016-06-01,CA_4,HOBBIES_1,387.28
2016-06-02,CA_4,HOBBIES_1,370.93
2016-06-03,CA_4,HOBBIES_1,364.69
2016-06-04,CA_4,HOBBIES_1,381.28
2016-06-05,CA_4,HOBBIES_1,377.37
2016-06-06,CA_4,HOBBIES_1,392.15
2016-06-07,CA_4,HOBBIES_1,401.9
2016-06-08,CA_4,HOBBIES_1,379.94
2016-06-09,CA_4,HOBBIES_1,361.9
2016-06-10,CA_4,HOBBIES_1,357.64
2016-06-11,CA_4,HOBBIES_1,371.36
2016-06-12,CA_4,HOBBIES_1,376.2
2016-06-13,CA_4,HOBBIES_1,393.58
2016-06-14,CA_4,HOBBIES_1,400.55
2016-06-15,CA_4,HOBBIES_1,372.08
2016-06-16,CA_4,HOBBIES_1,357.21
2016-06-17,CA_4,HOBBIES_1,359.76
2016-06-18,CA_4,HOBBIES_1,369.71
2016-06-19,CA_4,HOBBIES_1,375.05
2016-05-23,CA_4,HOBBIES_2,27.26
2016-05-24,CA_4,HOBBIES_2,28.73
2016-05-25,CA_4,HOBBIES_2,28.72
2016-05-26,CA_4,HOBBIES_2,27.58
2016-05-27,CA_4,HOBBIES_2,26.7
2016-05-28,CA_4,HOBBIES_2,25.2
2016-05-29,CA_4,HOBBIES_2,25.79
2016-05-30,CA_4,HOBBIES_2,28.83
2016-05-31,CA_4,HOBBIES_2,29.81
2016-06-01,CA_4,HOBBIES_2,28.04
2016-06-02,CA_4,HOBBIES_2,28.39
2016-06-03,CA_4,HOBBIES_2,28.0
2016-06-04,CA_4,HOBBIES_2,26.71
2016-06-05,CA_4,HOBBIES_2,27.41
2016-06-06,CA_4,HOBBIES_2,30.78
2016-06-07,CA_4,HOBBIES_2,31.52
2016-06-08,CA_4,HOBBIES_2,29.36
2016-06-09,CA_4,HOBBIES_2,29.12
2016-06-10,CA_4,HOBBIES_2,28.82
2016-06-11,CA_4,HOBBIES_2,26.94
2016-06-12,CA_4,HOBBIES_2,27.41
2016-06-13,CA_4,HOBBIES_2,30.78
2016-06-14,CA_4,HOBBIES_2,31.59
2016-06-15,CA_4,HOBBIES_2,30.17
2016-06-16,CA_4,HOBBIES_2,29.94
2016-06-17,CA_4,HOBBIES_2,29.64
2016-06-18,CA_4,HOBBIES_2,28.65
2016-06-19,CA_4,HOBBIES_2,29.26
2016-05-23,CA_4,HOUSEHOLD_1,496.69
2016-05-24,CA_4,HOUSEHOLD_1,498.92
2016-05-25,CA_4,HOUSEHOLD_1,488.01
2016-05-26,CA_4,HOUSEHOLD_1,466.3
2016-05-27,CA_4,HOUSEHOLD_1,451.31
2016-05-28,CA_4,HOUSEHOLD_1,485.82
2016-05-29,CA_4,HOUSEHOLD_1,499.01
2016-05-30,CA_4,HOUSEHOLD_1,503.54
2016-05-31,CA_4,HOUSEHOLD_1,520.03
2016-06-01,CA_4,HOUSEHOLD_1,490.6
2016-06-02,CA_4,HOUSEHOLD_1,471.28
2016-06-03,CA_4,HOUSEHOLD_1,456.76
2016-06-04,CA_4,HOUSEHOLD_1,493.04
2016-06-05,CA_4,HOUSEHOLD_1,500.73
2016-06-06,CA_4,HOUSEHOLD_1,507.76
2016-06-07,CA_4,HOUSEHOLD_1,523.16
2016-06-08,CA_4,HOUSEHOLD_1,499.57
2016-06-09,CA_4,HOUSEHOLD_1,479.74
2016-06-10,CA_4,HOUSEHOLD_1,461.98
2016-06-11,CA_4,HOUSEHOLD_1,501.09
2016-06-12,CA_4,HOUSEHOLD_1,503.78
2016-06-13,CA_4,HOUSEHOLD_1,510.43
2016-06-14,CA_4,HOUSEHOLD_1,523.16
2016-06-15,CA_4,HOUSEHOLD_1,500.19
2016-06-16,CA_4,HOUSEHOLD_1,479.74
2016-06-17,CA_4,HOUSEHOLD_1,464.66
2016-06-18,CA_4,HOUSEHOLD_1,505.16
2016-06-19,CA_4,HOUSEHOLD_1,504.04
2016-05-23,CA_4,HOUSEHOLD_2,184.36
2016-05-24,CA_4,HOUSEHOLD_2,177.67
2016-05-25,CA_4,HOUSEHOLD_2,176.3
2016-05-26,CA_4,HOUSEHOLD_2,170.84
2016-05-27,CA_4,HOUSEHOLD_2,163.0
2016-05-28,CA_4,HOUSEHOLD_2,170.38
2016-05-29,CA_4,HOUSEHOLD_2,174.91
2016-05-30,CA_4,HOUSEHOLD_2,182.86
2016-05-31,CA_4,HOUSEHOLD_2,186.78
2016-06-01,CA_4,HOUSEHOLD_2,173.16
2016-06-02,CA_4,HOUSEHOLD_2,163.66
2016-06-03,CA_4,HOUSEHOLD_2,163.21
2016-06-04,CA_4,HOUSEHOLD_2,168.6
2016-06-05,CA_4,HOUSEHOLD_2,172.48
2016-06-06,CA_4,HOUSEHOLD_2,181.77
2016-06-07,CA_4,HOUSEHOLD_2,186.75
2016-06-08,CA_4,HOUSEHOLD_2,178.74
2016-06-09,CA_4,HOUSEHOLD_2,166.23
2016-06-10,CA_4,HOUSEHOLD_2,165.87
2016-06-11,CA_4,HOUSEHOLD_2,173.18
2016-06-12,CA_4,HOUSEHOLD_2,177.12
2016-06-13,CA_4,HOUSEHOLD_2,183.93
2016-06-14,CA_4,HOUSEHOLD_2,192.2
2016-06-15,CA_4,HOUSEHOLD_2,181.41
2016-06-16,CA_4,HOUSEHOLD_2,171.82
2016-06-17,CA_4,HOUSEHOLD_2,168.81
2016-06-18,CA_4,HOUSEHOLD_2,178.15
2016-06-19,CA_4,HOUSEHOLD_2,184.58
2016-05-23,TX_1,FOODS_1,271.35
2016-05-24,TX_1,FOODS_1,279.31
2016-05-25,TX_1,FOODS_1,274.67
2016-05-26,TX_1,FOODS_1,265.05
2016-05-27,TX_1,FOODS_1,258.4
2016-05-28,TX_1,FOODS_1,265.99
2016-05-29,TX_1,FOODS_1,273.38
2016-05-30,TX_1,FOODS_1,272.06
2016-05-31,TX_1,FOODS_1,283.12
2016-06-01,TX_1,FOODS_1,270.62
2016-06-02,TX_1,FOODS_1,262.2
2016-06-03,TX_1,FOODS_1,255.81
2016-06-04,TX_1,FOODS_1,267.62
2016-06-05,TX_1,FOODS_1,272.93
2016-06-06,TX_1,FOODS_1,278.61
2016-06-07,TX_1,FOODS_1,287.53
2016-06-08,TX_1,FOODS_1,272.4
2016-06-09,TX_1,FOODS_1,260.78
2016-06-10,TX_1,FOODS_1,256.29
2016-06-11,TX_1,FOODS_1,269.29
2016-06-12,TX_1,FOODS_1,279.39
2016-06-13,TX_1,FOODS_1,279.09
2016-06-14,TX_1,FOODS_1,288.77
2016-06-15,TX_1,FOODS_1,272.4
2016-06-16,TX_1,FOODS_1,263.16
2016-06-17,TX_1,FOODS_1,258.02
2016-06-18,TX_1,FOODS_1,270.26
2016-06-19,TX_1,FOODS_1,281.84
2016-05-23,TX_1,FOODS_2,405.27
2016-05-24,TX_1,FOODS_2,411.22
2016-05-25,TX_1,FOODS_2,398.88
2016-05-26,TX_1,FOODS_2,351.6
2016-05-27,TX_1,FOODS_2,339.76
2016-05-28,TX_1,FOODS_2,340.48
2016-05-29,TX_1,FOODS_2,336.09
2016-05-30,TX_1,FOODS_2,358.86
2016-05-31,TX_1,FOODS_2,372.53
2016-06-01,TX_1,FOODS_2,359.15
2016-06-02,TX_1,FOODS_2,330.19
2016-06-03,TX_1,FOODS_2,322.89
2016-06-04,TX_1,FOODS_2,333.99
2016-06-05,TX_1,FOODS_2,332.73
2016-06-06,TX_1,FOODS_2,344.03
2016-06-07,TX_1,FOODS_2,356.52
2016-06-08,TX_1,FOODS_2,337.32
2016-06-09,TX_1,FOODS_2,321.11
2016-06-10,TX_1,FOODS_2,312.92
2016-06-11,TX_1,FOODS_2,324.49
2016-06-12,TX_1,FOODS_2,325.85
2016-06-13,TX_1,FOODS_2,337.72
2016-06-14,TX_1,FOODS_2,353.02
2016-06-15,TX_1,FOODS_2,336.2
2016-06-16,TX_1,FOODS_2,312.93
2016-06-17,TX_1,FOODS_2,304.46
2016-06-18,TX_1,FOODS_2,312.76
2016-06-19,TX_1,FOODS_2,314.96
2016-05-23,TX_1,FOODS_3,1975.19
2016-05-24,TX_1,FOODS_3,2052.39
2016-05-25,TX_1,FOODS_3,1908.72
2016-05-26,TX_1,FOODS_3,1655.66
2016-05-27,TX_1,FOODS_3,1587.04
2016-05-28,TX_1,FOODS_3,1668.63
2016-05-29,TX_1,FOODS_3,1647.7
2016-05-30,TX_1,FOODS_3,1731.88
2016-05-31,TX_1,FOODS_3,1804.91
2016-06-01,TX_1,FOODS_3,1714.1
2016-06-02,TX_1,FOODS_3,1555.34
2016-06-03,TX_1,FOODS_3,1467.28
2016-06-04,TX_1,FOODS_3,1565.34
2016-06-05,TX_1,FOODS_3,1593.01
2016-06-06,TX_1,FOODS_3,1682.47
2016-06-07,TX_1,FOODS_3,1794.23
2016-06-08,TX_1,FOODS_3,1687.31
2016-06-09,TX_1,FOODS_3,1524.59
2016-06-10,TX_1,FOODS_3,1439.92
2016-06-11,TX_1,FOODS_3,1526.59
2016-06-12,TX_1,FOODS_3,1578.23
2016-06-13,TX_1,FOODS_3,1656.73
2016-06-14,TX_1,FOODS_3,1804.13
2016-06-15,TX_1,FOODS_3,1666.56
2016-06-16,TX_1,FOODS_3,1521.59
2016-06-17,TX_1,FOODS_3,1434.93
2016-06-18,TX_1,FOODS_3,1528.66
2016-06-19,TX_1,FOODS_3,1571.14
2016-05-23,TX_1,HOBBIES_1,311.24
2016-05-24,TX_1,HOBBIES_1,306.26
2016-05-25,TX_1,HOBBIES_1,301.31
2016-05-26,TX_1,HOBBIES_1,292.11
2016-05-27,TX_1,HOBBIES_1,284.35
2016-05-28,TX_1,HOBBIES_1,297.22
2016-05-29,TX_1,HOBBIES_1,300.74
2016-05-30,TX_1,HOBBIES_1,300.1
2016-05-31,TX_1,HOBBIES_1,313.03
2016-06-01,TX_1,HOBBIES_1,292.68
2016-06-02,TX_1,HOBBIES_1,281.93
2016-06-03,TX_1,HOBBIES_1,273.41
2016-06-04,TX_1,HOBBIES_1,295.76
2016-06-05,TX_1,HOBBIES_1,299.16
2016-06-06,TX_1,HOBBIES_1,295.04
2016-06-07,TX_1,HOBBIES_1,306.95
2016-06-08,TX_1,HOBBIES_1,294.0
2016-06-09,TX_1,HOBBIES_1,281.27
2016-06-10,TX_1,HOBBIES_1,273.95
2016-06-11,TX_1,HOBBIES_1,292.88
2016-06-12,TX_1,HOBBIES_1,298.02
2016-06-13,TX_1,HOBBIES_1,292.68
2016-06-14,TX_1,HOBBIES_1,306.21
2016-06-15,TX_1,HOBBIES_1,291.38
2016-06-16,TX_1,HOBBIES_1,280.61
2016-06-17,TX_1,HOBBIES_1,273.52
2016-06-18,TX_1,HOBBIES_1,293.11
2016-06-19,TX_1,HOBBIES_1,297.7
2016-05-23,TX_1,HOBBIES_2,53.31
2016-05-24,TX_1,HOBBIES_2,57.3
2016-05-25,TX_1,HOBBIES_2,53.8
2016-05-26,TX_1,HOBBIES_2,50.98
2016-05-27,TX_1,HOBBIES_2,50.58
2016-05-28,TX_1,HOBBIES_2,50.52
2016-05-29,TX_1,HOBBIES_2,50.91
2016-05-30,TX_1,HOBBIES_2,56.62
2016-05-31,TX_1,HOBBIES_2,57.84
2016-06-01,TX_1,HOBBIES_2,52.38
2016-06-02,TX_1,HOBBIES_2,51.69
2016-06-03,TX_1,HOBBIES_2,51.48
2016-06-04,TX_1,HOBBIES_2,51.07
2016-06-05,TX_1,HOBBIES_2,51.63
2016-06-06,TX_1,HOBBIES_2,56.75
2016-06-07,TX_1,HOBBIES_2,57.9
2016-06-08,TX_1,HOBBIES_2,53.16
2016-06-09,TX_1,HOBBIES_2,51.69
2016-06-10,TX_1,HOBBIES_2,51.48
2016-06-11,TX_1,HOBBIES_2,51.07
2016-06-12,TX_1,HOBBIES_2,51.63
2016-06-13,TX_1,HOBBIES_2,56.75
2016-06-14,TX_1,HOBBIES_2,57.9
2016-06-15,TX_1,HOBBIES_2,53.56
2016-06-16,TX_1,HOBBIES_2,52.09
2016-06-17,TX_1,HOBBIES_2,51.88
2016-06-18,TX_1,HOBBIES_2,51.47
2016-06-19,TX_1,HOBBIES_2,52.03
2016-05-23,TX_1,HOUSEHOLD_1,970.83
2016-05-24,TX_1,HOUSEHOLD_1,921.1
2016-05-25,TX_1,HOUSEHOLD_1,986.73
2016-05-26,TX_1,HOUSEHOLD_1,891.3
2016-05-27,TX_1,HOUSEHOLD_1,902.39
2016-05-28,TX_1,HOUSEHOLD_1,947.57
2016-05-29,TX_1,HOUSEHOLD_1,983.97
2016-05-30,TX_1,HOUSEHOLD_1,953.82
2016-05-31,TX_1,HOUSEHOLD_1,953.96
2016-06-01,TX_1,HOUSEHOLD_1,941.38
2016-06-02,TX_1,HOUSEHOLD_1,913.1
2016-06-03,TX_1,HOUSEHOLD_1,878.28
2016-06-04,TX_1,HOUSEHOLD_1,925.32
2016-06-05,TX_1,HOUSEHOLD_1,953.43
2016-06-06,TX_1,HOUSEHOLD_1,955.41
2016-06-07,TX_1,HOUSEHOLD_1,939.63
2016-06-08,TX_1,HOUSEHOLD_1,926.71
2016-06-09,TX_1,HOUSEHOLD_1,882.84
2016-06-10,TX_1,HOUSEHOLD_1,873.32
2016-06-11,TX_1,HOUSEHOLD_1,922.14
2016-06-12,TX_1,HOUSEHOLD_1,953.85
2016-06-13,TX_1,HOUSEHOLD_1,942.92
2016-06-14,TX_1,HOUSEHOLD_1,939.63
2016-06-15,TX_1,HOUSEHOLD_1,927.32
2016-06-16,TX_1,HOUSEHOLD_1,882.2
2016-06-17,TX_1,HOUSEHOLD_1,875.15
2016-06-18,TX_1,HOUSEHOLD_1,920.18
2016-06-19,TX_1,HOUSEHOLD_1,951.18
2016-05-23,TX_1,HOUSEHOLD_2,238.47
2016-05-24,TX_1,HOUSEHOLD_2,246.43
2016-05-25,TX_1,HOUSEHOLD_2,232.77
2016-05-26,TX_1,HOUSEHOLD_2,211.78
2016-05-27,TX_1,HOUSEHOLD_2,206.26
2016-05-28,TX_1,HOUSEHOLD_2,225.17
2016-05-29,TX_1,HOUSEHOLD_2,230.1
2016-05-30,TX_1,HOUSEHOLD_2,229.32
2016-05-31,TX_1,HOUSEHOLD_2,235.07
2016-06-01,TX_1,HOUSEHOLD_2,224.07
2016-06-02,TX_1,HOUSEHOLD_2,210.77
2016-06-03,TX_1,HOUSEHOLD_2,208.98
2016-06-04,TX_1,HOUSEHOLD_2,216.95
2016-06-05,TX_1,HOUSEHOLD_2,224.35
2016-06-06,TX_1,HOUSEHOLD_2,224.11
2016-06-07,TX_1,HOUSEHOLD_2,232.28
2016-06-08,TX_1,HOUSEHOLD_2,218.53
2016-06-09,TX_1,HOUSEHOLD_2,204.38
2016-06-10,TX_1,HOUSEHOLD_2,200.02
2016-06-11,TX_1,HOUSEHOLD_2,210.67
2016-06-12,TX_1,HOUSEHOLD_2,220.39
2016-06-13,TX_1,HOUSEHOLD_2,220.35
2016-06-14,TX_1,HOUSEHOLD_2,228.88
2016-06-15,TX_1,HOUSEHOLD_2,213.22
2016-06-16,TX_1,HOUSEHOLD_2,200.2
2016-06-17,TX_1,HOUSEHOLD_2,195.93
2016-06-18,TX_1,HOUSEHOLD_2,207.43
2016-06-19,TX_1,HOUSEHOLD_2,214.82
2016-05-23,TX_2,FOODS_1,320.74
2016-05-24,TX_2,FOODS_1,343.36
2016-05-25,TX_2,FOODS_1,324.53
2016-05-26,TX_2,FOODS_1,312.44
2016-05-27,TX_2,FOODS_1,296.53
2016-05-28,TX_2,FOODS_1,310.62
2016-05-29,TX_2,FOODS_1,318.81
2016-05-30,TX_2,FOODS_1,315.66
2016-05-31,TX_2,FOODS_1,318.44
2016-06-01,TX_2,FOODS_1,300.43
2016-06-02,TX_2,FOODS_1,293.01
2016-06-03,TX_2,FOODS_1,287.55
2016-06-04,TX_2,FOODS_1,304.91
2016-06-05,TX_2,FOODS_1,310.25
2016-06-06,TX_2,FOODS_1,308.44
2016-06-07,TX_2,FOODS_1,316.85
2016-06-08,TX_2,FOODS_1,294.68
2016-06-09,TX_2,FOODS_1,292.6
2016-06-10,TX_2,FOODS_1,284.95
2016-06-11,TX_2,FOODS_1,302.49
2016-06-12,TX_2,FOODS_1,309.0
2016-06-13,TX_2,FOODS_1,306.43
2016-06-14,TX_2,FOODS_1,315.29
2016-06-15,TX_2,FOODS_1,294.68
2016-06-16,TX_2,FOODS_1,291.17
2016-06-17,TX_2,FOODS_1,284.17
2016-06-18,TX_2,FOODS_1,302.49
2016-06-19,TX_2,FOODS_1,307.05
2016-05-23,TX_2,FOODS_2,493.58
2016-05-24,TX_2,FOODS_2,499.41
2016-05-25,TX_2,FOODS_2,488.87
2016-05-26,TX_2,FOODS_2,440.33
2016-05-27,TX_2,FOODS_2,430.45
2016-05-28,TX_2,FOODS_2,448.52
2016-05-29,TX_2,FOODS_2,448.76
2016-05-30,TX_2,FOODS_2,463.74
2016-05-31,TX_2,FOODS_2,484.28
2016-06-01,TX_2,FOODS_2,456.31
2016-06-02,TX_2,FOODS_2,426.44
2016-06-03,TX_2,FOODS_2,415.78
2016-06-04,TX_2,FOODS_2,430.0
2016-06-05,TX_2,FOODS_2,416.81
2016-06-06,TX_2,FOODS_2,429.43
2016-06-07,TX_2,FOODS_2,451.97
2016-06-08,TX_2,FOODS_2,429.76
2016-06-09,TX_2,FOODS_2,410.77
2016-06-10,TX_2,FOODS_2,395.93
2016-06-11,TX_2,FOODS_2,401.76
2016-06-12,TX_2,FOODS_2,388.11
2016-06-13,TX_2,FOODS_2,407.93
2016-06-14,TX_2,FOODS_2,423.32
2016-06-15,TX_2,FOODS_2,399.71
2016-06-16,TX_2,FOODS_2,375.63
2016-06-17,TX_2,FOODS_2,363.72
2016-06-18,TX_2,FOODS_2,377.12
2016-06-19,TX_2,FOODS_2,365.43
2016-05-23,TX_2,FOODS_3,2480.08
2016-05-24,TX_2,FOODS_3,2474.1
2016-05-25,TX_2,FOODS_3,2478.77
2016-05-26,TX_2,FOODS_3,2106.26
2016-05-27,TX_2,FOODS_3,2080.52
2016-05-28,TX_2,FOODS_3,2130.78
2016-05-29,TX_2,FOODS_3,2102.78
2016-05-30,TX_2,FOODS_3,2180.78
2016-05-31,TX_2,FOODS_3,2233.75
2016-06-01,TX_2,FOODS_3,2169.65
2016-06-02,TX_2,FOODS_3,2029.34
2016-06-03,TX_2,FOODS_3,1915.48
2016-06-04,TX_2,FOODS_3,2020.98
2016-06-05,TX_2,FOODS_3,2081.36
2016-06-06,TX_2,FOODS_3,2106.05
2016-06-07,TX_2,FOODS_3,2137.2
2016-06-08,TX_2,FOODS_3,2091.36
2016-06-09,TX_2,FOODS_3,1938.28
2016-06-10,TX_2,FOODS_3,1876.95
2016-06-11,TX_2,FOODS_3,1959.84
2016-06-12,TX_2,FOODS_3,2080.26
2016-06-13,TX_2,FOODS_3,2075.74
2016-06-14,TX_2,FOODS_3,2132.54
2016-06-15,TX_2,FOODS_3,2082.98
2016-06-16,TX_2,FOODS_3,1949.2
2016-06-17,TX_2,FOODS_3,1895.5
2016-06-18,TX_2,FOODS_3,1956.7
2016-06-19,TX_2,FOODS_3,2108.25
2016-05-23,TX_2,HOBBIES_1,421.98
2016-05-24,TX_2,HOBBIES_1,447.57
2016-05-25,TX_2,HOBBIES_1,440.15
2016-05-26,TX_2,HOBBIES_1,417.4
2016-05-27,TX_2,HOBBIES_1,393.6
2016-05-28,TX_2,HOBBIES_1,411.54
2016-05-29,TX_2,HOBBIES_1,406.65
2016-05-30,TX_2,HOBBIES_1,415.39
2016-05-31,TX_2,HOBBIES_1,424.24
2016-06-01,TX_2,HOBBIES_1,400.83
2016-06-02,TX_2,HOBBIES_1,383.26
2016-06-03,TX_2,HOBBIES_1,369.07
2016-06-04,TX_2,HOBBIES_1,380.2
2016-06-05,TX_2,HOBBIES_1,372.83
2016-06-06,TX_2,HOBBIES_1,390.81
2016-06-07,TX_2,HOBBIES_1,403.41
2016-06-08,TX_2,HOBBIES_1,374.12
2016-06-09,TX_2,HOBBIES_1,355.08
2016-06-10,TX_2,HOBBIES_1,349.9
2016-06-11,TX_2,HOBBIES_1,362.7
2016-06-12,TX_2,HOBBIES_1,362.73
2016-06-13,TX_2,HOBBIES_1,386.74
2016-06-14,TX_2,HOBBIES_1,395.72
2016-06-15,TX_2,HOBBIES_1,366.23
2016-06-16,TX_2,HOBBIES_1,349.1
2016-06-17,TX_2,HOBBIES_1,349.35
2016-06-18,TX_2,HOBBIES_1,356.87
2016-06-19,TX_2,HOBBIES_1,355.1
2016-05-23,TX_2,HOBBIES_2,57.55
2016-05-24,TX_2,HOBBIES_2,58.47
2016-05-25,TX_2,HOBBIES_2,55.57
2016-05-26,TX_2,HOBBIES_2,52.89
2016-05-27,TX_2,HOBBIES_2,52.29
2016-05-28,TX_2,HOBBIES_2,52.22
2016-05-29,TX_2,HOBBIES_2,53.28
2016-05-30,TX_2,HOBBIES_2,57.59
2016-05-31,TX_2,HOBBIES_2,58.49
2016-06-01,TX_2,HOBBIES_2,53.82
2016-06-02,TX_2,HOBBIES_2,52.54
2016-06-03,TX_2,HOBBIES_2,52.19
2016-06-04,TX_2,HOBBIES_2,51.94
2016-06-05,TX_2,HOBBIES_2,53.0
2016-06-06,TX_2,HOBBIES_2,57.44
2016-06-07,TX_2,HOBBIES_2,58.26
2016-06-08,TX_2,HOBBIES_2,53.82
2016-06-09,TX_2,HOBBIES_2,52.54
2016-06-10,TX_2,HOBBIES_2,52.19
2016-06-11,TX_2,HOBBIES_2,51.94
2016-06-12,TX_2,HOBBIES_2,53.0
2016-06-13,TX_2,HOBBIES_2,57.44
2016-06-14,TX_2,HOBBIES_2,58.26
2016-06-15,TX_2,HOBBIES_2,53.82
2016-06-16,TX_2,HOBBIES_2,52.54
2016-06-17,TX_2,HOBBIES_2,52.19
2016-06-18,TX_2,HOBBIES_2,51.94
2016-06-19,TX_2,HOBBIES_2,53.0
2016-05-23,TX_2,HOUSEHOLD_1,877.78
2016-05-24,TX_2,HOUSEHOLD_1,939.87
2016-05-25,TX_2,HOUSEHOLD_1,969.52
2016-05-26,TX_2,HOUSEHOLD_1,854.84
2016-05-27,TX_2,HOUSEHOLD_1,826.93
2016-05-28,TX_2,HOUSEHOLD_1,883.77
2016-05-29,TX_2,HOUSEHOLD_1,958.51
2016-05-30,TX_2,HOUSEHOLD_1,922.4
2016-05-31,TX_2,HOUSEHOLD_1,943.38
2016-06-01,TX_2,HOUSEHOLD_1,918.4
2016-06-02,TX_2,HOUSEHOLD_1,887.39
2016-06-03,TX_2,HOUSEHOLD_1,874.92
2016-06-04,TX_2,HOUSEHOLD_1,912.94
2016-06-05,TX_2,HOUSEHOLD_1,954.42
2016-06-06,TX_2,HOUSEHOLD_1,950.05
2016-06-07,TX_2,HOUSEHOLD_1,947.05
2016-06-08,TX_2,HOUSEHOLD_1,926.3
2016-06-09,TX_2,HOUSEHOLD_1,895.8
2016-06-10,TX_2,HOUSEHOLD_1,888.57
2016-06-11,TX_2,HOUSEHOLD_1,920.35
2016-06-12,TX_2,HOUSEHOLD_1,953.86
2016-06-13,TX_2,HOUSEHOLD_1,947.38
2016-06-14,TX_2,HOUSEHOLD_1,944.69
2016-06-15,TX_2,HOUSEHOLD_1,926.3
2016-06-16,TX_2,HOUSEHOLD_1,896.41
2016-06-17,TX_2,HOUSEHOLD_1,894.4
2016-06-18,TX_2,HOUSEHOLD_1,928.78
2016-06-19,TX_2,HOUSEHOLD_1,959.66
2016-05-23,TX_2,HOUSEHOLD_2,239.87
2016-05-24,TX_2,HOUSEHOLD_2,244.24
2016-05-25,TX_2,HOUSEHOLD_2,230.33
2016-05-26,TX_2,HOUSEHOLD_2,212.22
2016-05-27,TX_2,HOUSEHOLD_2,206.23
2016-05-28,TX_2,HOUSEHOLD_2,222.01
2016-05-29,TX_2,HOUSEHOLD_2,226.39
2016-05-30,TX_2,HOUSEHOLD_2,226.24
2016-05-31,TX_2,HOUSEHOLD_2,232.88
2016-06-01,TX_2,HOUSEHOLD_2,215.16
2016-06-02,TX_2,HOUSEHOLD_2,200.98
2016-06-03,TX_2,HOUSEHOLD_2,198.05
2016-06-04,TX_2,HOUSEHOLD_2,210.09
2016-06-05,TX_2,HOUSEHOLD_2,218.55
2016-06-06,TX_2,HOUSEHOLD_2,219.22
2016-06-07,TX_2,HOUSEHOLD_2,225.95
2016-06-08,TX_2,HOUSEHOLD_2,209.78
2016-06-09,TX_2,HOUSEHOLD_2,198.1
2016-06-10,TX_2,HOUSEHOLD_2,193.07
2016-06-11,TX_2,HOUSEHOLD_2,207.96
2016-06-12,TX_2,HOUSEHOLD_2,216.55
2016-06-13,TX_2,HOUSEHOLD_2,212.46
2016-06-14,TX_2,HOUSEHOLD_2,221.32
2016-06-15,TX_2,HOUSEHOLD_2,207.8
2016-06-16,TX_2,HOUSEHOLD_2,193.29
2016-06-17,TX_2,HOUSEHOLD_2,190.83
2016-06-18,TX_2,HOUSEHOLD_2,206.43
2016-06-19,TX_2,HOUSEHOLD_2,215.07
2016-05-23,TX_3,FOODS_1,319.13
2016-05-24,TX_3,FOODS_1,347.73
2016-05-25,TX_3,FOODS_1,323.86
2016-05-26,TX_3,FOODS_1,308.19
2016-05-27,TX_3,FOODS_1,299.75
2016-05-28,TX_3,FOODS_1,318.14
2016-05-29,TX_3,FOODS_1,326.36
2016-05-30,TX_3,FOODS_1,325.66
2016-05-31,TX_3,FOODS_1,333.55
2016-06-01,TX_3,FOODS_1,313.74
2016-06-02,TX_3,FOODS_1,304.89
2016-06-03,TX_3,FOODS_1,293.25
2016-06-04,TX_3,FOODS_1,314.34
2016-06-05,TX_3,FOODS_1,318.17
2016-06-06,TX_3,FOODS_1,311.93
2016-06-07,TX_3,FOODS_1,321.0
2016-06-08,TX_3,FOODS_1,304.82
2016-06-09,TX_3,FOODS_1,296.75
2016-06-10,TX_3,FOODS_1,291.04
2016-06-11,TX_3,FOODS_1,311.01
2016-06-12,TX_3,FOODS_1,315.24
2016-06-13,TX_3,FOODS_1,312.03
2016-06-14,TX_3,FOODS_1,317.61
2016-06-15,TX_3,FOODS_1,300.03
2016-06-16,TX_3,FOODS_1,295.34
2016-06-17,TX_3,FOODS_1,290.02
2016-06-18,TX_3,FOODS_1,310.34
2016-06-19,TX_3,FOODS_1,314.33
2016-05-23,TX_3,FOODS_2,525.44
2016-05-24,TX_3,FOODS_2,554.94
2016-05-25,TX_3,FOODS_2,562.98
2016-05-26,TX_3,FOODS_2,486.75
2016-05-27,TX_3,FOODS_2,477.24
2016-05-28,TX_3,FOODS_2,486.91
2016-05-29,TX_3,FOODS_2,496.04
2016-05-30,TX_3,FOODS_2,523.58
2016-05-31,TX_3,FOODS_2,526.74
2016-06-01,TX_3,FOODS_2,501.0
2016-06-02,TX_3,FOODS_2,474.78
2016-06-03,TX_3,FOODS_2,456.36
2016-06-04,TX_3,FOODS_2,474.3
2016-06-05,TX_3,FOODS_2,476.75
2016-06-06,TX_3,FOODS_2,494.72
2016-06-07,TX_3,FOODS_2,517.06
2016-06-08,TX_3,FOODS_2,482.92
2016-06-09,TX_3,FOODS_2,460.57
2016-06-10,TX_3,FOODS_2,451.4
2016-06-11,TX_3,FOODS_2,464.97
2016-06-12,TX_3,FOODS_2,463.04
2016-06-13,TX_3,FOODS_2,487.5
2016-06-14,TX_3,FOODS_2,505.96
2016-06-15,TX_3,FOODS_2,474.26
2016-06-16,TX_3,FOODS_2,441.7
2016-06-17,TX_3,FOODS_2,435.53
2016-06-18,TX_3,FOODS_2,456.78
2016-06-19,TX_3,FOODS_2,447.19
2016-05-23,TX_3,FOODS_3,2179.39
2016-05-24,TX_3,FOODS_3,2263.11
2016-05-25,TX_3,FOODS_3,2285.03
2016-05-26,TX_3,FOODS_3,1962.62
2016-05-27,TX_3,FOODS_3,1833.21
2016-05-28,TX_3,FOODS_3,2016.3
2016-05-29,TX_3,FOODS_3,2051.36
2016-05-30,TX_3,FOODS_3,2070.54
2016-05-31,TX_3,FOODS_3,2128.31
2016-06-01,TX_3,FOODS_3,2110.6
2016-06-02,TX_3,FOODS_3,1902.9
2016-06-03,TX_3,FOODS_3,1830.6
2016-06-04,TX_3,FOODS_3,1936.75
2016-06-05,TX_3,FOODS_3,1983.94
2016-06-06,TX_3,FOODS_3,2053.51
2016-06-07,TX_3,FOODS_3,2130.52
2016-06-08,TX_3,FOODS_3,2105.54
2016-06-09,TX_3,FOODS_3,1866.79
2016-06-10,TX_3,FOODS_3,1833.71
2016-06-11,TX_3,FOODS_3,1940.15
2016-06-12,TX_3,FOODS_3,1981.21
2016-06-13,TX_3,FOODS_3,2063.27
2016-06-14,TX_3,FOODS_3,2141.45
2016-06-15,TX_3,FOODS_3,2115.7
2016-06-16,TX_3,FOODS_3,1866.79
2016-06-17,TX_3,FOODS_3,1844.28
2016-06-18,TX_3,FOODS_3,1959.89
2016-06-19,TX_3,FOODS_3,2067.62
2016-05-23,TX_3,HOBBIES_1,413.43
2016-05-24,TX_3,HOBBIES_1,420.62
2016-05-25,TX_3,HOBBIES_1,404.15
2016-05-26,TX_3,HOBBIES_1,381.79
2016-05-27,TX_3,HOBBIES_1,354.51
2016-05-28,TX_3,HOBBIES_1,370.8
2016-05-29,TX_3,HOBBIES_1,367.02
2016-05-30,TX_3,HOBBIES_1,389.57
2016-05-31,TX_3,HOBBIES_1,394.49
2016-06-01,TX_3,HOBBIES_1,361.65
2016-06-02,TX_3,HOBBIES_1,345.92
2016-06-03,TX_3,HOBBIES_1,348.08
2016-06-04,TX_3,HOBBIES_1,355.23
2016-06-05,TX_3,HOBBIES_1,354.58
2016-06-06,TX_3,HOBBIES_1,375.47
2016-06-07,TX_3,HOBBIES_1,388.09
2016-06-08,TX_3,HOBBIES_1,362.65
2016-06-09,TX_3,HOBBIES_1,341.84
2016-06-10,TX_3,HOBBIES_1,342.67
2016-06-11,TX_3,HOBBIES_1,350.68
2016-06-12,TX_3,HOBBIES_1,351.77
2016-06-13,TX_3,HOBBIES_1,365.71
2016-06-14,TX_3,HOBBIES_1,383.62
2016-06-15,TX_3,HOBBIES_1,362.99
2016-06-16,TX_3,HOBBIES_1,340.39
2016-06-17,TX_3,HOBBIES_1,339.63
2016-06-18,TX_3,HOBBIES_1,349.95
2016-06-19,TX_3,HOBBIES_1,349.88
2016-05-23,TX_3,HOBBIES_2,64.44
2016-05-24,TX_3,HOBBIES_2,66.94
2016-05-25,TX_3,HOBBIES_2,65.92
2016-05-26,TX_3,HOBBIES_2,62.3
2016-05-27,TX_3,HOBBIES_2,61.76
2016-05-28,TX_3,HOBBIES_2,61.06
2016-05-29,TX_3,HOBBIES_2,62.02
2016-05-30,TX_3,HOBBIES_2,66.99
2016-05-31,TX_3,HOBBIES_2,68.03
2016-06-01,TX_3,HOBBIES_2,63.83
2016-06-02,TX_3,HOBBIES_2,62.51
2016-06-03,TX_3,HOBBIES_2,61.93
2016-06-04,TX_3,HOBBIES_2,60.94
2016-06-05,TX_3,HOBBIES_2,62.06
2016-06-06,TX_3,HOBBIES_2,66.84
2016-06-07,TX_3,HOBBIES_2,67.8
2016-06-08,TX_3,HOBBIES_2,63.83
2016-06-09,TX_3,HOBBIES_2,62.51
2016-06-10,TX_3,HOBBIES_2,61.93
2016-06-11,TX_3,HOBBIES_2,60.94
2016-06-12,TX_3,HOBBIES_2,62.06
2016-06-13,TX_3,HOBBIES_2,66.84
2016-06-14,TX_3,HOBBIES_2,67.8
2016-06-15,TX_3,HOBBIES_2,63.83
2016-06-16,TX_3,HOBBIES_2,62.51
2016-06-17,TX_3,HOBBIES_2,61.93
2016-06-18,TX_3,HOBBIES_2,60.94
2016-06-19,TX_3,HOBBIES_2,62.06
2016-05-23,TX_3,HOUSEHOLD_1,919.93
2016-05-24,TX_3,HOUSEHOLD_1,963.47
2016-05-25,TX_3,HOUSEHOLD_1,962.53
2016-05-26,TX_3,HOUSEHOLD_1,880.85
2016-05-27,TX_3,HOUSEHOLD_1,869.3
2016-05-28,TX_3,HOUSEHOLD_1,923.57
2016-05-29,TX_3,HOUSEHOLD_1,959.29
2016-05-30,TX_3,HOUSEHOLD_1,948.7
2016-05-31,TX_3,HOUSEHOLD_1,947.19
2016-06-01,TX_3,HOUSEHOLD_1,927.41
2016-06-02,TX_3,HOUSEHOLD_1,892.22
2016-06-03,TX_3,HOUSEHOLD_1,888.99
2016-06-04,TX_3,HOUSEHOLD_1,925.14
2016-06-05,TX_3,HOUSEHOLD_1,953.73
2016-06-06,TX_3,HOUSEHOLD_1,945.72
2016-06-07,TX_3,HOUSEHOLD_1,940.53
2016-06-08,TX_3,HOUSEHOLD_1,926.76
2016-06-09,TX_3,HOUSEHOLD_1,892.17
2016-06-10,TX_3,HOUSEHOLD_1,889.75
2016-06-11,TX_3,HOUSEHOLD_1,929.37
2016-06-12,TX_3,HOUSEHOLD_1,954.23
2016-06-13,TX_3,HOUSEHOLD_1,945.07
2016-06-14,TX_3,HOUSEHOLD_1,940.53
2016-06-15,TX_3,HOUSEHOLD_1,926.76
2016-06-16,TX_3,HOUSEHOLD_1,892.17
2016-06-17,TX_3,HOUSEHOLD_1,889.75
2016-06-18,TX_3,HOUSEHOLD_1,929.37
2016-06-19,TX_3,HOUSEHOLD_1,954.23
2016-05-23,TX_3,HOUSEHOLD_2,210.32
2016-05-24,TX_3,HOUSEHOLD_2,217.39
2016-05-25,TX_3,HOUSEHOLD_2,201.26
2016-05-26,TX_3,HOUSEHOLD_2,188.55
2016-05-27,TX_3,HOUSEHOLD_2,185.17
2016-05-28,TX_3,HOUSEHOLD_2,200.59
2016-05-29,TX_3,HOUSEHOLD_2,205.56
2016-05-30,TX_3,HOUSEHOLD_2,203.78
2016-05-31,TX_3,HOUSEHOLD_2,209.32
2016-06-01,TX_3,HOUSEHOLD_2,198.18
2016-06-02,TX_3,HOUSEHOLD_2,186.8
2016-06-03,TX_3,HOUSEHOLD_2,184.49
2016-06-04,TX_3,HOUSEHOLD_2,195.5
2016-06-05,TX_3,HOUSEHOLD_2,203.25
2016-06-06,TX_3,HOUSEHOLD_2,201.0
2016-06-07,TX_3,HOUSEHOLD_2,206.74
2016-06-08,TX_3,HOUSEHOLD_2,194.82
2016-06-09,TX_3,HOUSEHOLD_2,186.8
2016-06-10,TX_3,HOUSEHOLD_2,183.3
2016-06-11,TX_3,HOUSEHOLD_2,195.5
2016-06-12,TX_3,HOUSEHOLD_2,202.66
2016-06-13,TX_3,HOUSEHOLD_2,201.0
2016-06-14,TX_3,HOUSEHOLD_2,206.34
2016-06-15,TX_3,HOUSEHOLD_2,194.82
2016-06-16,TX_3,HOUSEHOLD_2,186.17
2016-06-17,TX_3,HOUSEHOLD_2,183.3
2016-06-18,TX_3,HOUSEHOLD_2,194.37
2016-06-19,TX_3,HOUSEHOLD_2,201.52
2016-05-23,WI_1,FOODS_1,371.24
2016-05-24,WI_1,FOODS_1,382.14
2016-05-25,WI_1,FOODS_1,351.34
2016-05-26,WI_1,FOODS_1,334.25
2016-05-27,WI_1,FOODS_1,328.91
2016-05-28,WI_1,FOODS_1,352.38
2016-05-29,WI_1,FOODS_1,364.29
2016-05-30,WI_1,FOODS_1,362.27
2016-05-31,WI_1,FOODS_1,373.37
2016-06-01,WI_1,FOODS_1,347.17
2016-06-02,WI_1,FOODS_1,329.25
2016-06-03,WI_1,FOODS_1,324.38
2016-06-04,WI_1,FOODS_1,349.57
2016-06-05,WI_1,FOODS_1,359.76
2016-06-06,WI_1,FOODS_1,350.91
2016-06-07,WI_1,FOODS_1,356.34
2016-06-08,WI_1,FOODS_1,329.05
2016-06-09,WI_1,FOODS_1,324.13
2016-06-10,WI_1,FOODS_1,317.57
2016-06-11,WI_1,FOODS_1,340.2
2016-06-12,WI_1,FOODS_1,355.87
2016-06-13,WI_1,FOODS_1,345.7
2016-06-14,WI_1,FOODS_1,355.7
2016-06-15,WI_1,FOODS_1,325.94
2016-06-16,WI_1,FOODS_1,322.05
2016-06-17,WI_1,FOODS_1,315.29
2016-06-18,WI_1,FOODS_1,339.29
2016-06-19,WI_1,FOODS_1,354.1
2016-05-23,WI_1,FOODS_2,788.9
2016-05-24,WI_1,FOODS_2,773.66
2016-05-25,WI_1,FOODS_2,801.72
2016-05-26,WI_1,FOODS_2,667.15
2016-05-27,WI_1,FOODS_2,663.45
2016-05-28,WI_1,FOODS_2,700.47
2016-05-29,WI_1,FOODS_2,717.0
2016-05-30,WI_1,FOODS_2,698.55
2016-05-31,WI_1,FOODS_2,710.5
2016-06-01,WI_1,FOODS_2,682.65
2016-06-02,WI_1,FOODS_2,640.08
2016-06-03,WI_1,FOODS_2,605.85
2016-06-04,WI_1,FOODS_2,659.45
2016-06-05,WI_1,FOODS_2,664.12
2016-06-06,WI_1,FOODS_2,683.82
2016-06-07,WI_1,FOODS_2,673.96
2016-06-08,WI_1,FOODS_2,673.78
2016-06-09,WI_1,FOODS_2,626.11
2016-06-10,WI_1,FOODS_2,593.94
2016-06-11,WI_1,FOODS_2,636.14
2016-06-12,WI_1,FOODS_2,623.53
2016-06-13,WI_1,FOODS_2,631.26
2016-06-14,WI_1,FOODS_2,643.21
2016-06-15,WI_1,FOODS_2,632.25
2016-06-16,WI_1,FOODS_2,571.2
2016-06-17,WI_1,FOODS_2,560.07
2016-06-18,WI_1,FOODS_2,582.54
2016-06-19,WI_1,FOODS_2,584.39
2016-05-23,WI_1,FOODS_3,2250.23
2016-05-24,WI_1,FOODS_3,2184.96
2016-05-25,WI_1,FOODS_3,2060.52
2016-05-26,WI_1,FOODS_3,1765.49
2016-05-27,WI_1,FOODS_3,1681.97
2016-05-28,WI_1,FOODS_3,1797.47
2016-05-29,WI_1,FOODS_3,1830.34
2016-05-30,WI_1,FOODS_3,1792.93
2016-05-31,WI_1,FOODS_3,1850.04
2016-06-01,WI_1,FOODS_3,1799.06
2016-06-02,WI_1,FOODS_3,1665.01
2016-06-03,WI_1,FOODS_3,1562.88
2016-06-04,WI_1,FOODS_3,1643.13
2016-06-05,WI_1,FOODS_3,1659.13
2016-06-06,WI_1,FOODS_3,1727.63
2016-06-07,WI_1,FOODS_3,1776.1
2016-06-08,WI_1,FOODS_3,1680.56
2016-06-09,WI_1,FOODS_3,1529.33
2016-06-10,WI_1,FOODS_3,1459.85
2016-06-11,WI_1,FOODS_3,1599.24
2016-06-12,WI_1,FOODS_3,1645.82
2016-06-13,WI_1,FOODS_3,1721.35
2016-06-14,WI_1,FOODS_3,1784.85
2016-06-15,WI_1,FOODS_3,1663.76
2016-06-16,WI_1,FOODS_3,1532.35
2016-06-17,WI_1,FOODS_3,1461.1
2016-06-18,WI_1,FOODS_3,1585.66
2016-06-19,WI_1,FOODS_3,1635.86
2016-05-23,WI_1,HOBBIES_1,461.28
2016-05-24,WI_1,HOBBIES_1,458.62
2016-05-25,WI_1,HOBBIES_1,433.39
2016-05-26,WI_1,HOBBIES_1,418.52
2016-05-27,WI_1,HOBBIES_1,390.05
2016-05-28,WI_1,HOBBIES_1,425.75
2016-05-29,WI_1,HOBBIES_1,429.12
2016-05-30,WI_1,HOBBIES_1,432.15
2016-05-31,WI_1,HOBBIES_1,445.42
2016-06-01,WI_1,HOBBIES_1,423.95
2016-06-02,WI_1,HOBBIES_1,404.25
2016-06-03,WI_1,HOBBIES_1,388.98
2016-06-04,WI_1,HOBBIES_1,429.25
2016-06-05,WI_1,HOBBIES_1,419.17
2016-06-06,WI_1,HOBBIES_1,427.91
2016-06-07,WI_1,HOBBIES_1,445.08
2016-06-08,WI_1,HOBBIES_1,426.38
2016-06-09,WI_1,HOBBIES_1,408.16
2016-06-10,WI_1,HOBBIES_1,392.25
2016-06-11,WI_1,HOBBIES_1,432.45
2016-06-12,WI_1,HOBBIES_1,420.15
2016-06-13,WI_1,HOBBIES_1,440.49
2016-06-14,WI_1,HOBBIES_1,458.08
2016-06-15,WI_1,HOBBIES_1,441.82
2016-06-16,WI_1,HOBBIES_1,420.18
2016-06-17,WI_1,HOBBIES_1,417.02
2016-06-18,WI_1,HOBBIES_1,455.09
2016-06-19,WI_1,HOBBIES_1,459.93
2016-05-23,WI_1,HOBBIES_2,47.48
2016-05-24,WI_1,HOBBIES_2,46.58
2016-05-25,WI_1,HOBBIES_2,39.37
2016-05-26,WI_1,HOBBIES_2,38.89
2016-05-27,WI_1,HOBBIES_2,38.13
2016-05-28,WI_1,HOBBIES_2,40.45
2016-05-29,WI_1,HOBBIES_2,41.31
2016-05-30,WI_1,HOBBIES_2,44.16
2016-05-31,WI_1,HOBBIES_2,44.98
2016-06-01,WI_1,HOBBIES_2,39.18
2016-06-02,WI_1,HOBBIES_2,40.24
2016-06-03,WI_1,HOBBIES_2,39.65
2016-06-04,WI_1,HOBBIES_2,39.61
2016-06-05,WI_1,HOBBIES_2,40.28
2016-06-06,WI_1,HOBBIES_2,43.62
2016-06-07,WI_1,HOBBIES_2,45.83
2016-06-08,WI_1,HOBBIES_2,39.54
2016-06-09,WI_1,HOBBIES_2,40.24
2016-06-10,WI_1,HOBBIES_2,39.65
2016-06-11,WI_1,HOBBIES_2,40.93
2016-06-12,WI_1,HOBBIES_2,41.59
2016-06-13,WI_1,HOBBIES_2,45.12
2016-06-14,WI_1,HOBBIES_2,47.4
2016-06-15,WI_1,HOBBIES_2,40.36
2016-06-16,WI_1,HOBBIES_2,41.06
2016-06-17,WI_1,HOBBIES_2,40.79
2016-06-18,WI_1,HOBBIES_2,41.75
2016-06-19,WI_1,HOBBIES_2,42.78
2016-05-23,WI_1,HOUSEHOLD_1,756.76
2016-05-24,WI_1,HOUSEHOLD_1,698.63
2016-05-25,WI_1,HOUSEHOLD_1,696.44
2016-05-26,WI_1,HOUSEHOLD_1,667.82
2016-05-27,WI_1,HOUSEHOLD_1,650.86
2016-05-28,WI_1,HOUSEHOLD_1,701.9
2016-05-29,WI_1,HOUSEHOLD_1,721.18
2016-05-30,WI_1,HOUSEHOLD_1,701.96
2016-05-31,WI_1,HOUSEHOLD_1,702.9
2016-06-01,WI_1,HOUSEHOLD_1,687.79
2016-06-02,WI_1,HOUSEHOLD_1,658.81
2016-06-03,WI_1,HOUSEHOLD_1,634.98
2016-06-04,WI_1,HOUSEHOLD_1,696.34
2016-06-05,WI_1,HOUSEHOLD_1,715.01
2016-06-06,WI_1,HOUSEHOLD_1,702.14
2016-06-07,WI_1,HOUSEHOLD_1,704.79
2016-06-08,WI_1,HOUSEHOLD_1,687.79
2016-06-09,WI_1,HOUSEHOLD_1,649.65
2016-06-10,WI_1,HOUSEHOLD_1,634.98
2016-06-11,WI_1,HOUSEHOLD_1,696.21
2016-06-12,WI_1,HOUSEHOLD_1,715.01
2016-06-13,WI_1,HOUSEHOLD_1,703.97
2016-06-14,WI_1,HOUSEHOLD_1,704.79
2016-06-15,WI_1,HOUSEHOLD_1,687.79
2016-06-16,WI_1,HOUSEHOLD_1,649.65
2016-06-17,WI_1,HOUSEHOLD_1,634.98
2016-06-18,WI_1,HOUSEHOLD_1,696.21
2016-06-19,WI_1,HOUSEHOLD_1,715.01
2016-05-23,WI_1,HOUSEHOLD_2,214.15
2016-05-24,WI_1,HOUSEHOLD_2,216.35
2016-05-25,WI_1,HOUSEHOLD_2,200.17
2016-05-26,WI_1,HOUSEHOLD_2,192.52
2016-05-27,WI_1,HOUSEHOLD_2,181.57
2016-05-28,WI_1,HOUSEHOLD_2,197.68
2016-05-29,WI_1,HOUSEHOLD_2,205.26
2016-05-30,WI_1,HOUSEHOLD_2,199.56
2016-05-31,WI_1,HOUSEHOLD_2,204.96
2016-06-01,WI_1,HOUSEHOLD_2,190.28
2016-06-02,WI_1,HOUSEHOLD_2,183.91
2016-06-03,WI_1,HOUSEHOLD_2,180.42
2016-06-04,WI_1,HOUSEHOLD_2,195.83
2016-06-05,WI_1,HOUSEHOLD_2,202.78
2016-06-06,WI_1,HOUSEHOLD_2,199.21
2016-06-07,WI_1,HOUSEHOLD_2,203.46
2016-06-08,WI_1,HOUSEHOLD_2,190.28
2016-06-09,WI_1,HOUSEHOLD_2,182.3
2016-06-10,WI_1,HOUSEHOLD_2,179.22
2016-06-11,WI_1,HOUSEHOLD_2,195.83
2016-06-12,WI_1,HOUSEHOLD_2,202.78
2016-06-13,WI_1,HOUSEHOLD_2,199.21
2016-06-14,WI_1,HOUSEHOLD_2,203.46
2016-06-15,WI_1,HOUSEHOLD_2,190.28
2016-06-16,WI_1,HOUSEHOLD_2,182.3
2016-06-17,WI_1,HOUSEHOLD_2,179.22
2016-06-18,WI_1,HOUSEHOLD_2,196.12
2016-06-19,WI_1,HOUSEHOLD_2,203.86
2016-05-23,WI_2,FOODS_1,417.61
2016-05-24,WI_2,FOODS_1,439.27
2016-05-25,WI_2,FOODS_1,422.34
2016-05-26,WI_2,FOODS_1,384.13
2016-05-27,WI_2,FOODS_1,369.47
2016-05-28,WI_2,FOODS_1,388.15
2016-05-29,WI_2,FOODS_1,381.22
2016-05-30,WI_2,FOODS_1,375.81
2016-05-31,WI_2,FOODS_1,370.99
2016-06-01,WI_2,FOODS_1,346.94
2016-06-02,WI_2,FOODS_1,333.77
2016-06-03,WI_2,FOODS_1,328.25
2016-06-04,WI_2,FOODS_1,345.07
2016-06-05,WI_2,FOODS_1,355.73
2016-06-06,WI_2,FOODS_1,346.53
2016-06-07,WI_2,FOODS_1,354.83
2016-06-08,WI_2,FOODS_1,324.9
2016-06-09,WI_2,FOODS_1,321.15
2016-06-10,WI_2,FOODS_1,314.66
2016-06-11,WI_2,FOODS_1,329.16
2016-06-12,WI_2,FOODS_1,347.27
2016-06-13,WI_2,FOODS_1,331.06
2016-06-14,WI_2,FOODS_1,339.12
2016-06-15,WI_2,FOODS_1,315.17
2016-06-16,WI_2,FOODS_1,308.01
2016-06-17,WI_2,FOODS_1,300.6
2016-06-18,WI_2,FOODS_1,320.83
2016-06-19,WI_2,FOODS_1,337.38
2016-05-23,WI_2,FOODS_2,839.81
2016-05-24,WI_2,FOODS_2,1056.49
2016-05-25,WI_2,FOODS_2,1114.92
2016-05-26,WI_2,FOODS_2,899.73
2016-05-27,WI_2,FOODS_2,832.34
2016-05-28,WI_2,FOODS_2,854.91
2016-05-29,WI_2,FOODS_2,921.15
2016-05-30,WI_2,FOODS_2,893.23
2016-05-31,WI_2,FOODS_2,891.23
2016-06-01,WI_2,FOODS_2,902.58
2016-06-02,WI_2,FOODS_2,886.38
2016-06-03,WI_2,FOODS_2,870.51
2016-06-04,WI_2,FOODS_2,868.53
2016-06-05,WI_2,FOODS_2,895.69
2016-06-06,WI_2,FOODS_2,920.43
2016-06-07,WI_2,FOODS_2,908.86
2016-06-08,WI_2,FOODS_2,893.58
2016-06-09,WI_2,FOODS_2,878.37
2016-06-10,WI_2,FOODS_2,877.84
2016-06-11,WI_2,FOODS_2,867.09
2016-06-12,WI_2,FOODS_2,894.02
2016-06-13,WI_2,FOODS_2,920.24
2016-06-14,WI_2,FOODS_2,913.37
2016-06-15,WI_2,FOODS_2,892.67
2016-06-16,WI_2,FOODS_2,877.46
2016-06-17,WI_2,FOODS_2,873.54
2016-06-18,WI_2,FOODS_2,871.07
2016-06-19,WI_2,FOODS_2,894.02
2016-05-23,WI_2,FOODS_3,2458.6
2016-05-24,WI_2,FOODS_3,2500.42
2016-05-25,WI_2,FOODS_3,2432.02
2016-05-26,WI_2,FOODS_3,2160.23
2016-05-27,WI_2,FOODS_3,2114.58
2016-05-28,WI_2,FOODS_3,2144.02
2016-05-29,WI_2,FOODS_3,2080.48
2016-05-30,WI_2,FOODS_3,2100.4
2016-05-31,WI_2,FOODS_3,2056.64
2016-06-01,WI_2,FOODS_3,1984.81
2016-06-02,WI_2,FOODS_3,1849.02
2016-06-03,WI_2,FOODS_3,1784.54
2016-06-04,WI_2,FOODS_3,1871.9
2016-06-05,WI_2,FOODS_3,1988.25
2016-06-06,WI_2,FOODS_3,1908.69
2016-06-07,WI_2,FOODS_3,1889.39
2016-06-08,WI_2,FOODS_3,1834.87
2016-06-09,WI_2,FOODS_3,1739.69
2016-06-10,WI_2,FOODS_3,1705.72
2016-06-11,WI_2,FOODS_3,1761.07
2016-06-12,WI_2,FOODS_3,1832.07
2016-06-13,WI_2,FOODS_3,1817.26
2016-06-14,WI_2,FOODS_3,1839.04
2016-06-15,WI_2,FOODS_3,1754.32
2016-06-16,WI_2,FOODS_3,1676.71
2016-06-17,WI_2,FOODS_3,1611.52
2016-06-18,WI_2,FOODS_3,1671.76
2016-06-19,WI_2,FOODS_3,1723.14
2016-05-23,WI_2,HOBBIES_1,262.6
2016-05-24,WI_2,HOBBIES_1,268.34
2016-05-25,WI_2,HOBBIES_1,262.6
2016-05-26,WI_2,HOBBIES_1,254.24
2016-05-27,WI_2,HOBBIES_1,243.78
2016-05-28,WI_2,HOBBIES_1,263.96
2016-05-29,WI_2,HOBBIES_1,274.81
2016-05-30,WI_2,HOBBIES_1,266.16
2016-05-31,WI_2,HOBBIES_1,270.88
2016-06-01,WI_2,HOBBIES_1,260.81
2016-06-02,WI_2,HOBBIES_1,251.78
2016-06-03,WI_2,HOBBIES_1,245.8
2016-06-04,WI_2,HOBBIES_1,264.69
2016-06-05,WI_2,HOBBIES_1,271.33
2016-06-06,WI_2,HOBBIES_1,263.25
2016-06-07,WI_2,HOBBIES_1,260.63
2016-06-08,WI_2,HOBBIES_1,251.54
2016-06-09,WI_2,HOBBIES_1,247.69
2016-06-10,WI_2,HOBBIES_1,239.77
2016-06-11,WI_2,HOBBIES_1,260.19
2016-06-12,WI_2,HOBBIES_1,269.21
2016-06-13,WI_2,HOBBIES_1,260.06
2016-06-14,WI_2,HOBBIES_1,252.5
2016-06-15,WI_2,HOBBIES_1,248.8
2016-06-16,WI_2,HOBBIES_1,241.68
2016-06-17,WI_2,HOBBIES_1,236.06
2016-06-18,WI_2,HOBBIES_1,260.18
2016-06-19,WI_2,HOBBIES_1,267.8
2016-05-23,WI_2,HOBBIES_2,41.07
2016-05-24,WI_2,HOBBIES_2,41.58
2016-05-25,WI_2,HOBBIES_2,37.97
2016-05-26,WI_2,HOBBIES_2,38.06
2016-05-27,WI_2,HOBBIES_2,38.57
2016-05-28,WI_2,HOBBIES_2,41.17
2016-05-29,WI_2,HOBBIES_2,41.54
2016-05-30,WI_2,HOBBIES_2,42.99
2016-05-31,WI_2,HOBBIES_2,42.63
2016-06-01,WI_2,HOBBIES_2,38.52
2016-06-02,WI_2,HOBBIES_2,39.66
2016-06-03,WI_2,HOBBIES_2,39.07
2016-06-04,WI_2,HOBBIES_2,40.24
2016-06-05,WI_2,HOBBIES_2,41.0
2016-06-06,WI_2,HOBBIES_2,43.06
2016-06-07,WI_2,HOBBIES_2,43.55
2016-06-08,WI_2,HOBBIES_2,40.32
2016-06-09,WI_2,HOBBIES_2,39.66
2016-06-10,WI_2,HOBBIES_2,39.16
2016-06-11,WI_2,HOBBIES_2,40.24
2016-06-12,WI_2,HOBBIES_2,41.0
2016-06-13,WI_2,HOBBIES_2,43.06
2016-06-14,WI_2,HOBBIES_2,43.55
2016-06-15,WI_2,HOBBIES_2,40.32
2016-06-16,WI_2,HOBBIES_2,40.97
2016-06-17,WI_2,HOBBIES_2,40.47
2016-06-18,WI_2,HOBBIES_2,41.64
2016-06-19,WI_2,HOBBIES_2,42.67
2016-05-23,WI_2,HOUSEHOLD_1,1024.13
2016-05-24,WI_2,HOUSEHOLD_1,942.93
2016-05-25,WI_2,HOUSEHOLD_1,928.26
2016-05-26,WI_2,HOUSEHOLD_1,942.9
2016-05-27,WI_2,HOUSEHOLD_1,922.96
2016-05-28,WI_2,HOUSEHOLD_1,953.78
2016-05-29,WI_2,HOUSEHOLD_1,1000.46
2016-05-30,WI_2,HOUSEHOLD_1,964.77
2016-05-31,WI_2,HOUSEHOLD_1,942.44
2016-06-01,WI_2,HOUSEHOLD_1,921.24
2016-06-02,WI_2,HOUSEHOLD_1,929.1
2016-06-03,WI_2,HOUSEHOLD_1,935.57
2016-06-04,WI_2,HOUSEHOLD_1,956.12
2016-06-05,WI_2,HOUSEHOLD_1,1000.44
2016-06-06,WI_2,HOUSEHOLD_1,962.17
2016-06-07,WI_2,HOUSEHOLD_1,944.47
2016-06-08,WI_2,HOUSEHOLD_1,921.24
2016-06-09,WI_2,HOUSEHOLD_1,929.1
2016-06-10,WI_2,HOUSEHOLD_1,901.5
2016-06-11,WI_2,HOUSEHOLD_1,956.12
2016-06-12,WI_2,HOUSEHOLD_1,998.4
2016-06-13,WI_2,HOUSEHOLD_1,944.21
2016-06-14,WI_2,HOUSEHOLD_1,927.79
2016-06-15,WI_2,HOUSEHOLD_1,923.09
2016-06-16,WI_2,HOUSEHOLD_1,929.1
2016-06-17,WI_2,HOUSEHOLD_1,900.43
2016-06-18,WI_2,HOUSEHOLD_1,960.57
2016-06-19,WI_2,HOUSEHOLD_1,998.4
2016-05-23,WI_2,HOUSEHOLD_2,182.67
2016-05-24,WI_2,HOUSEHOLD_2,177.71
2016-05-25,WI_2,HOUSEHOLD_2,172.01
2016-05-26,WI_2,HOUSEHOLD_2,167.45
2016-05-27,WI_2,HOUSEHOLD_2,160.15
2016-05-28,WI_2,HOUSEHOLD_2,171.52
2016-05-29,WI_2,HOUSEHOLD_2,177.69
2016-05-30,WI_2,HOUSEHOLD_2,180.79
2016-05-31,WI_2,HOUSEHOLD_2,181.99
2016-06-01,WI_2,HOUSEHOLD_2,174.47
2016-06-02,WI_2,HOUSEHOLD_2,163.91
2016-06-03,WI_2,HOUSEHOLD_2,160.84
2016-06-04,WI_2,HOUSEHOLD_2,171.54
2016-06-05,WI_2,HOUSEHOLD_2,178.44
2016-06-06,WI_2,HOUSEHOLD_2,179.15
2016-06-07,WI_2,HOUSEHOLD_2,183.05
2016-06-08,WI_2,HOUSEHOLD_2,176.63
2016-06-09,WI_2,HOUSEHOLD_2,166.27
2016-06-10,WI_2,HOUSEHOLD_2,163.09
2016-06-11,WI_2,HOUSEHOLD_2,175.74
2016-06-12,WI_2,HOUSEHOLD_2,182.57
2016-06-13,WI_2,HOUSEHOLD_2,183.6
2016-06-14,WI_2,HOUSEHOLD_2,187.85
2016-06-15,WI_2,HOUSEHOLD_2,178.73
2016-06-16,WI_2,HOUSEHOLD_2,167.2
2016-06-17,WI_2,HOUSEHOLD_2,165.44
2016-06-18,WI_2,HOUSEHOLD_2,180.99
2016-06-19,WI_2,HOUSEHOLD_2,189.92
2016-05-23,WI_3,FOODS_1,319.84
2016-05-24,WI_3,FOODS_1,320.48
2016-05-25,WI_3,FOODS_1,308.34
2016-05-26,WI_3,FOODS_1,289.47
2016-05-27,WI_3,FOODS_1,282.15
2016-05-28,WI_3,FOODS_1,306.17
2016-05-29,WI_3,FOODS_1,312.48
2016-05-30,WI_3,FOODS_1,295.28
2016-05-31,WI_3,FOODS_1,297.8
2016-06-01,WI_3,FOODS_1,282.65
2016-06-02,WI_3,FOODS_1,281.19
2016-06-03,WI_3,FOODS_1,268.01
2016-06-04,WI_3,FOODS_1,291.58
2016-06-05,WI_3,FOODS_1,300.97
2016-06-06,WI_3,FOODS_1,280.85
2016-06-07,WI_3,FOODS_1,290.49
2016-06-08,WI_3,FOODS_1,271.06
2016-06-09,WI_3,FOODS_1,264.99
2016-06-10,WI_3,FOODS_1,257.88
2016-06-11,WI_3,FOODS_1,279.47
2016-06-12,WI_3,FOODS_1,289.66
2016-06-13,WI_3,FOODS_1,276.34
2016-06-14,WI_3,FOODS_1,283.63
2016-06-15,WI_3,FOODS_1,267.17
2016-06-16,WI_3,FOODS_1,262.3
2016-06-17,WI_3,FOODS_1,252.53
2016-06-18,WI_3,FOODS_1,274.46
2016-06-19,WI_3,FOODS_1,285.95
2016-05-23,WI_3,FOODS_2,583.37
2016-05-24,WI_3,FOODS_2,600.27
2016-05-25,WI_3,FOODS_2,641.25
2016-05-26,WI_3,FOODS_2,535.45
2016-05-27,WI_3,FOODS_2,501.09
2016-05-28,WI_3,FOODS_2,516.64
2016-05-29,WI_3,FOODS_2,533.63
2016-05-30,WI_3,FOODS_2,547.9
2016-05-31,WI_3,FOODS_2,546.41
2016-06-01,WI_3,FOODS_2,515.73
2016-06-02,WI_3,FOODS_2,480.2
2016-06-03,WI_3,FOODS_2,464.86
2016-06-04,WI_3,FOODS_2,481.84
2016-06-05,WI_3,FOODS_2,482.3
2016-06-06,WI_3,FOODS_2,492.95
2016-06-07,WI_3,FOODS_2,509.01
2016-06-08,WI_3,FOODS_2,473.1
2016-06-09,WI_3,FOODS_2,446.89
2016-06-10,WI_3,FOODS_2,432.84
2016-06-11,WI_3,FOODS_2,450.37
2016-06-12,WI_3,FOODS_2,443.58
2016-06-13,WI_3,FOODS_2,454.28
2016-06-14,WI_3,FOODS_2,461.33
2016-06-15,WI_3,FOODS_2,446.19
2016-06-16,WI_3,FOODS_2,406.12
2016-06-17,WI_3,FOODS_2,392.36
2016-06-18,WI_3,FOODS_2,404.8
2016-06-19,WI_3,FOODS_2,397.45
2016-05-23,WI_3,FOODS_3,2486.61
2016-05-24,WI_3,FOODS_3,2461.3
2016-05-25,WI_3,FOODS_3,2347.12
2016-05-26,WI_3,FOODS_3,2032.62
2016-05-27,WI_3,FOODS_3,2008.87
2016-05-28,WI_3,FOODS_3,2018.21
2016-05-29,WI_3,FOODS_3,2009.05
2016-05-30,WI_3,FOODS_3,2019.81
2016-05-31,WI_3,FOODS_3,2007.3
2016-06-01,WI_3,FOODS_3,1934.48
2016-06-02,WI_3,FOODS_3,1770.42
2016-06-03,WI_3,FOODS_3,1750.58
2016-06-04,WI_3,FOODS_3,1821.81
2016-06-05,WI_3,FOODS_3,1865.95
2016-06-06,WI_3,FOODS_3,1863.53
2016-06-07,WI_3,FOODS_3,1842.18
2016-06-08,WI_3,FOODS_3,1785.74
2016-06-09,WI_3,FOODS_3,1687.99
2016-06-10,WI_3,FOODS_3,1608.43
2016-06-11,WI_3,FOODS_3,1686.02
2016-06-12,WI_3,FOODS_3,1719.28
2016-06-13,WI_3,FOODS_3,1726.13
2016-06-14,WI_3,FOODS_3,1744.51
2016-06-15,WI_3,FOODS_3,1691.72
2016-06-16,WI_3,FOODS_3,1577.69
2016-06-17,WI_3,FOODS_3,1548.65
2016-06-18,WI_3,FOODS_3,1633.69
2016-06-19,WI_3,FOODS_3,1695.29
2016-05-23,WI_3,HOBBIES_1,255.41
2016-05-24,WI_3,HOBBIES_1,264.98
2016-05-25,WI_3,HOBBIES_1,247.01
2016-05-26,WI_3,HOBBIES_1,240.65
2016-05-27,WI_3,HOBBIES_1,230.1
2016-05-28,WI_3,HOBBIES_1,255.85
2016-05-29,WI_3,HOBBIES_1,265.75
2016-05-30,WI_3,HOBBIES_1,245.26
2016-05-31,WI_3,HOBBIES_1,242.81
2016-06-01,WI_3,HOBBIES_1,237.31
2016-06-02,WI_3,HOBBIES_1,232.86
2016-06-03,WI_3,HOBBIES_1,223.34
2016-06-04,WI_3,HOBBIES_1,250.79
2016-06-05,WI_3,HOBBIES_1,261.77
2016-06-06,WI_3,HOBBIES_1,237.97
2016-06-07,WI_3,HOBBIES_1,240.03
2016-06-08,WI_3,HOBBIES_1,234.08
2016-06-09,WI_3,HOBBIES_1,228.59
2016-06-10,WI_3,HOBBIES_1,220.8
2016-06-11,WI_3,HOBBIES_1,245.65
2016-06-12,WI_3,HOBBIES_1,257.6
2016-06-13,WI_3,HOBBIES_1,237.14
2016-06-14,WI_3,HOBBIES_1,238.65
2016-06-15,WI_3,HOBBIES_1,229.8
2016-06-16,WI_3,HOBBIES_1,223.85
2016-06-17,WI_3,HOBBIES_1,218.72
2016-06-18,WI_3,HOBBIES_1,247.81
2016-06-19,WI_3,HOBBIES_1,251.34
2016-05-23,WI_3,HOBBIES_2,37.9
2016-05-24,WI_3,HOBBIES_2,38.27
2016-05-25,WI_3,HOBBIES_2,35.3
2016-05-26,WI_3,HOBBIES_2,35.55
2016-05-27,WI_3,HOBBIES_2,35.6
2016-05-28,WI_3,HOBBIES_2,38.69
2016-05-29,WI_3,HOBBIES_2,38.84
2016-05-30,WI_3,HOBBIES_2,40.31
2016-05-31,WI_3,HOBBIES_2,39.95
2016-06-01,WI_3,HOBBIES_2,38.43
2016-06-02,WI_3,HOBBIES_2,38.93
2016-06-03,WI_3,HOBBIES_2,38.43
2016-06-04,WI_3,HOBBIES_2,40.24
2016-06-05,WI_3,HOBBIES_2,41.0
2016-06-06,WI_3,HOBBIES_2,43.06
2016-06-07,WI_3,HOBBIES_2,43.55
2016-06-08,WI_3,HOBBIES_2,39.14
2016-06-09,WI_3,HOBBIES_2,39.3
2016-06-10,WI_3,HOBBIES_2,38.71
2016-06-11,WI_3,HOBBIES_2,40.24
2016-06-12,WI_3,HOBBIES_2,41.0
2016-06-13,WI_3,HOBBIES_2,43.06
2016-06-14,WI_3,HOBBIES_2,43.55
2016-06-15,WI_3,HOBBIES_2,39.14
2016-06-16,WI_3,HOBBIES_2,39.3
2016-06-17,WI_3,HOBBIES_2,38.71
2016-06-18,WI_3,HOBBIES_2,40.24
2016-06-19,WI_3,HOBBIES_2,41.0
2016-05-23,WI_3,HOUSEHOLD_1,739.69
2016-05-24,WI_3,HOUSEHOLD_1,682.34
2016-05-25,WI_3,HOUSEHOLD_1,717.84
2016-05-26,WI_3,HOUSEHOLD_1,669.15
2016-05-27,WI_3,HOUSEHOLD_1,651.67
2016-05-28,WI_3,HOUSEHOLD_1,711.1
2016-05-29,WI_3,HOUSEHOLD_1,741.26
2016-05-30,WI_3,HOUSEHOLD_1,694.58
2016-05-31,WI_3,HOUSEHOLD_1,691.27
2016-06-01,WI_3,HOUSEHOLD_1,691.06
2016-06-02,WI_3,HOUSEHOLD_1,663.52
2016-06-03,WI_3,HOUSEHOLD_1,638.87
2016-06-04,WI_3,HOUSEHOLD_1,694.98
2016-06-05,WI_3,HOUSEHOLD_1,724.32
2016-06-06,WI_3,HOUSEHOLD_1,692.82
2016-06-07,WI_3,HOUSEHOLD_1,689.55
2016-06-08,WI_3,HOUSEHOLD_1,685.29
2016-06-09,WI_3,HOUSEHOLD_1,662.53
2016-06-10,WI_3,HOUSEHOLD_1,638.87
2016-06-11,WI_3,HOUSEHOLD_1,696.1
2016-06-12,WI_3,HOUSEHOLD_1,724.32
2016-06-13,WI_3,HOUSEHOLD_1,689.27
2016-06-14,WI_3,HOUSEHOLD_1,689.85
2016-06-15,WI_3,HOUSEHOLD_1,683.69
2016-06-16,WI_3,HOUSEHOLD_1,661.6
2016-06-17,WI_3,HOUSEHOLD_1,638.11
2016-06-18,WI_3,HOUSEHOLD_1,696.1
2016-06-19,WI_3,HOUSEHOLD_1,724.32
2016-05-23,WI_3,HOUSEHOLD_2,198.59
2016-05-24,WI_3,HOUSEHOLD_2,192.96
2016-05-25,WI_3,HOUSEHOLD_2,182.37
2016-05-26,WI_3,HOUSEHOLD_2,175.44
2016-05-27,WI_3,HOUSEHOLD_2,168.51
2016-05-28,WI_3,HOUSEHOLD_2,179.93
2016-05-29,WI_3,HOUSEHOLD_2,192.45
2016-05-30,WI_3,HOUSEHOLD_2,189.25
2016-05-31,WI_3,HOUSEHOLD_2,192.15
2016-06-01,WI_3,HOUSEHOLD_2,183.85
2016-06-02,WI_3,HOUSEHOLD_2,175.73
2016-06-03,WI_3,HOUSEHOLD_2,170.55
2016-06-04,WI_3,HOUSEHOLD_2,182.18
2016-06-05,WI_3,HOUSEHOLD_2,195.92
2016-06-06,WI_3,HOUSEHOLD_2,191.62
2016-06-07,WI_3,HOUSEHOLD_2,192.99
2016-06-08,WI_3,HOUSEHOLD_2,184.73
2016-06-09,WI_3,HOUSEHOLD_2,177.78
2016-06-10,WI_3,HOUSEHOLD_2,170.92
2016-06-11,WI_3,HOUSEHOLD_2,182.92
2016-06-12,WI_3,HOUSEHOLD_2,195.1
2016-06-13,WI_3,HOUSEHOLD_2,191.62
2016-06-14,WI_3,HOUSEHOLD_2,193.76
2016-06-15,WI_3,HOUSEHOLD_2,186.14
2016-06-16,WI_3,HOUSEHOLD_2,177.52
2016-06-17,WI_3,HOUSEHOLD_2,170.09
2016-06-18,WI_3,HOUSEHOLD_2,182.64
2016-06-19,WI_3,HOUSEHOLD_2,194.79
